data$RILS,BLOCK,LPCs,PCs,PCs_LPCs,PC32_1.LPC_18_1,PC34_1.LPC_18_1,PC36_1.LPC_18_1,PC36_2.LPC_18_1,PC32_1.LPC_18_2,PC34_1.LPC_18_2,PC36_1.LPC_18_2,PC36_2.LPC_18_2,LPC_16_0,LPC_18_0,LPC_18_1,LPC_18_2,LPC_18_3,PC_16_0__9_0_CHO,PC_32_0,PC_32_1,PC_32_2,PC_33_2,PC_34_1,PC_34_2,PC_34_3,PC_34_4,PC_35_2,PC_35_3,PC36_1,PC_36_2,PC_36_3_A,PC_36_3_B,PC_36_4_A,PC_36_5_A,PC_38_2,PC_38_5_A,PC_p_36_3__PC_o_36_4,PE_34_2,SM_d32_1,TG_46_3,TG_48_0,TG_48_3,TG_50_1,TG_50_2,TG_50_3,TG_50_4,TG_50_5,TG_52_2,TG_52_3,TG_52_4,TG_52_5,TG_52_6,TG_54_3,TG_54_4,TG_54_5,TG_56_4
B73_NAM,NA,3668189.8333333335,11399027.833333334,3.718298563583333,0.3755082728758333,4.7969874783,0.33630793061000003,7.073836492841667,0.006918754851583333,0.09309302267166666,0.006555445195833334,0.138847194515,92730.83333333333,18582.6,77484.41666666667,2804420.4166666665,685811.4166666666,9030.8,24205,14157.333333333334,23993.416666666668,104699.5,201975.33333333334,3805129.5833333335,1821569.4166666667,27385.083333333332,57849.75,45279.25,14508,301769.0833333333,308711,215947.5,2243506.5833333335,2111722.75,11971.916666666666,12777.416666666666,15618.416666666666,259900.58333333334,9654.6,2525.2,7438.333333333333,2889.2,8008.416666666667,36385.083333333336,23505,2376,20206.333333333332,18329.083333333332,36253.916666666664,144225.2,219077.2,67741.91666666667,10889.166666666666,43603.416666666664,117023.25,2694.8
LANMLR17B002,NA,3146358.5,14450287,4.6860965695,0.64848723245,6.4920382995,0.5407856766,13.572926405,0.0116209322195,0.11660311824,0.0097036938595,0.2433508702,60334.5,NaN,37252.5,2095256.5,953515,NaN,15189,23341,28700,41184,229162,4448584,2460305,44411.5,56758.5,43329,19247.5,486439,334399,402222,2422027.5,3270393,18909,11107.5,6754,302325.5,1291,NaN,3403.5,NaN,26427.5,31920.5,23193,NaN,14696.5,29285.5,28650,NaN,NaN,9242.5,27057,75983.5,98515,NaN
LANMLR17B003,NA,309991.6666666667,15533221.666666666,52.76521249,4.946498906666666,66.09961686333332,3.961190065,73.63214722000001,0.16078193906666666,2.1846539203333335,0.12870580413333332,2.393061826333333,91080.33333333333,4273,5458.666666666667,154077.66666666666,57950.666666666664,5474,28039,26261,34876,38218,361840.3333333333,5021271,3017689.6666666665,41399.666666666664,57754,50711.333333333336,20486.666666666668,385597,414556.3333333333,337633.6666666667,2271400.6666666665,3317571,15994.333333333334,21268.666666666668,4571.666666666667,344809,2680.5,1461,2544.6666666666665,539,16346.333333333334,24051.666666666668,12891.333333333334,549,4083,14728,12586.666666666666,62082,116690,26592.333333333332,11331.666666666666,25763.666666666668,20275,1449
LANMLR17B007,NA,3060985.5,11934890,3.9517114760000003,0.2370647482,2.5168046310000003,0.20006171565,4.887595751,0.0073927064775,0.06922762158,0.005666472224,0.1346090196,170352,19285,73013,2336624.5,471353.5,13999,22935,16580.5,25262.5,45620,167042.5,4263307.5,1707826,21646,67462,32467.5,13437,324559,290175,208492.5,2384413,2285409.5,14344.5,7469,11671.5,122850,6256,1297,4490,483,33766.5,25275,11756.5,830,5183,24543,10519,76629,91620,25675.5,32351.5,68984.5,23336,798
LANMLR17B010,NA,6552780,7237433.5,1.15624988705,0.110115555625,1.4106182585,0.13810337639,1.3030650706,0.0016769992514500001,0.021772345055,0.0020982212363,0.02009220933,57826.5,3291,67495,4375634,2050179,9795,36410.5,8665,9236,102568,101735.5,2456829,1420994.5,15916.5,28360.5,36031.5,11028,94622,123963,91534.5,1105286,1543924,6542.5,11024.5,17171.5,216447.5,8142,6090,15836,5717,15213.5,191911,149250,6720,68484,53121.5,58683.5,284836,513476,190081,21144.5,71278.5,127550.5,3386
LANMLR17B011,NA,3499728.5,7038935,2.1336663750000002,0.0394331027,0.6412257586,0.064750582475,1.06002602105,0.0011957650769999998,0.021623133845,0.0025447173178,0.036212429085,80472.5,16939.5,88557.5,2784522.5,529236.5,7910.5,19352.5,3224,8901.5,112452,55541,2331758,1396391.5,18298,44327.5,61176,6125,92483.5,125023,128975,1329527.5,1249756.5,3982,4642.5,39087.5,104130,9290.5,16236.5,9352,15013.5,10366,74517.5,63059.5,14860,49235.5,29472,38459,351616,630273.5,440716.5,13523.5,47634,117775,4521.5
LANMLR17B012,NA,2120884,7325445,3.453958349,0.2776312684,1.254543216,0.2097934389,1.178896494,0.01647796827,0.07445963641,0.01245165809,0.06996985292,138665,29755,97453,1641950,213061,7542,32601,27056,7606,233644,122259,2419256,1974011,30742,105610,190784,20445,114887,235678,251813,1394103,62700,19794,33661,41253,117352,60964,13284,27583,13744,38591,108745,129948,56218,16915,54836,112982,466857,695016,569782,39050,92707,261443,19160
LANMLR17B013,NA,3496598.5,9567236,5.11165789245,0.181391142605,1.6288748448,0.393456424235,1.90857423835,0.0133222041455,0.1332734829425,0.031728242832,0.14805733304500002,126416.5,19290,117128.5,3062292,181116.5,9005,115335,19277,16108.5,425027,164589.5,3409792.5,1863960,20736,83941.5,106838,40046.5,197909,205074,176641.5,1674254.5,1090317,22267.5,19670.5,89545.5,153306.5,66755,9895,40439.5,6334,18491.5,77451,56489,8055,14401,44630.5,71089.5,675709,611125,184226,26121,55222.5,126642.5,10260
LANMLR17B021,NA,267472,14190027.666666666,71.02686393,5.8643010066666665,79.63959961666667,5.286724571666666,106.52405192,0.16485140684,2.2387662673666666,0.14891941540333334,2.9409012656333333,73161.66666666667,6467.5,3193.6666666666665,139887,46918,2370.5,16077.666666666666,16177.333333333334,28492.333333333332,55895,219025,4497175.5,2635253,37487.333333333336,50086.333333333336,32206,14495,304008.3333333333,317999,341030,2236321,4811291,12787.666666666666,22138.333333333332,8430,457395.6666666667,5645,2026,13411.333333333334,797,5617.333333333333,19388,17744.5,905,10868.5,9902,18154,70530.5,136455.5,36371,7625.666666666667,20675.333333333332,61004.333333333336,1449
LANMLR17B023,NA,804252,16069345.5,20.85362416,0.5587655529,7.9176134855,0.92643744525,7.0886628985,0.05707675238,0.63850722195,0.106666396605,0.52460261125,80762,NaN,45956.5,586018.5,91515,NaN,118574.5,26499,13707,32815.5,328177,5217496,2687967,29530.5,118762.5,118578,47279,280743,436109.5,283823,2888351.5,3238923.5,22515,38435.5,67694.5,293161.5,NaN,NaN,45960,NaN,32467,49644,50563,NaN,11858,39158,54673.5,NaN,NaN,13464,28218,39146,81855.5,NaN
LANMLR17B024,NA,5482441.5,11727557,2.427538374,0.22010416796,2.72376576125,0.17677910254,4.293095343,0.005876394565,0.073161965405,0.0047584528365,0.11531457556000001,86785.5,NaN,139120,4168982.5,1087553.5,NaN,28601,17811,23967.5,51910,226426,4049086,2017079.5,26537,59313.5,45607.5,14832.5,356877,268341.5,249465,1803772,2391507.5,15853,11317,17795,330631.5,2183,NaN,6154,NaN,135927.5,114523.5,47538.5,NaN,18271,48413,26144,NaN,NaN,15752.5,46997,96722.5,92936,NaN
LANMLR17B026,NA,3224314,12650260.666666666,4.0924792016666665,0.04203926757333333,1.7774170266666667,0.16757065812666666,3.013604572,0.0019507165456666667,0.09179307657666666,0.008677580999666666,0.14714797990333334,85517,11733,140344,2528441,466101,4405,19885,5123.333333333333,20998.333333333332,25159,225631.66666666666,3541441.3333333335,1673055.6666666667,26223.333333333332,73775.33333333333,37503.333333333336,20831.333333333332,362292.6666666667,448766,232364.66666666666,2702425.6666666665,3117361.3333333335,25924.666666666668,23548.666666666668,22067,212699.33333333334,7020.5,NaN,47709.666666666664,NaN,21591,32240.333333333332,14180,NaN,12321,36566,23392.666666666668,226539,206018,37329.333333333336,40649,83012.33333333333,98421.5,NaN
LANMLR17B027,NA,3915611.5,7195658.5,2.24071292,0.030310032405,0.56096281365,0.03345560091,0.72424024405,0.0011456939982,0.020427707764000002,0.0012127742335,0.0275556669945,111374,18809.5,92210,3182990.5,510227.5,4632.5,22819,2831,5839.5,69814.5,52188,2319836.5,1217334,21723.5,37546,75010.5,3111,67693,128882.5,76249,1591608.5,1441159.5,5777,18184.5,33418.5,85074.5,17405.5,6872.5,18710.5,6830,21279,57424.5,35561,9231,22011,29747,37491,286323.5,466624,251619,20131.5,35215.5,74754.5,3037
LANMLR17B028,NA,3192370.5,12567313,4.084197259,0.15826252468500002,2.1753277785,0.18576041355,3.2199908665,0.0085529178465,0.11990114675,0.010308275398,0.17732800450000002,145836.5,18395,110675,1977831,948830.5,4188,25165.5,16446,15889.5,35885,236186.5,3310566.5,2485653.5,53353.5,80936,72592,20469.5,348946,325553,462979,1909421.5,3055057,18881,23112.5,41624,132768,7318,NaN,33115,NaN,49365.5,52720.5,24150,NaN,21552,45585,23844.5,78717,141578,75850,32944,64308.5,44043,NaN
LANMLR17B029,NA,4685091,6631596.5,1.5882390201999999,0.042840669474999996,0.86818853795,0.04709545593,1.2278435911,8.040053856000001e-4,0.0163448290565,8.756066306e-4,0.0229615572445,120210,15136.5,63004,3601240,885500.5,6594,8902.5,2449.5,7576,47533,49300.5,2066442.5,1095210.5,20548.5,33937,45537,2747.5,70747,134091,96869,1360522,1542989.5,2595.5,14209.5,22794.5,129617.5,10324,2998,4163,2313,5311.5,25303,14408.5,8114,19480.5,13033.5,21974.5,282421,461586.5,245151.5,6745.5,29646,94675,1667.5
LANMLR17B032,NA,4202671.666666667,13322213.666666666,3.422523151,0.14798249996666665,2.155088791,0.22265085823333333,3.668584369,0.005062233445,0.07815674165333333,0.007774720053666667,0.1247397038,94047.66666666667,NaN,97042.33333333333,3129598.6666666665,881983,NaN,41718.666666666664,14560.666666666666,15847.333333333334,103556,216052.66666666666,4234462.666666667,2667814.6666666665,29933.333333333332,67447,66861.66666666667,22043.333333333332,360345.3333333333,324297.3333333333,340469.6666666667,1978141.3333333333,2678199,18053.333333333332,15811,38724,307976.6666666667,5484,NaN,7334.666666666667,NaN,23192.333333333332,29211.333333333332,22928,NaN,7834.666666666667,29163.666666666668,26003.333333333332,NaN,NaN,8517.666666666666,20701.333333333332,38878.666666666664,69241.5,NaN
LANMLR17B033,NA,6400732,8819350,1.9805417577,0.0807792715655,1.0308396856450002,0.059842653695,1.08531392075,0.004733875940750001,0.060599014325,0.0034800258713000003,0.063501818178,703296,45381,200281.5,3701579,1772885,164663,11983.5,13314.5,12291,23179,167994.5,2301428.5,2177820.5,17165,52856.5,46836.5,10136,179904,145948.5,231560,957211.5,2345734,12268.5,2904.5,7833,270059.5,4101.5,959,2510.5,1077,9622.5,10001.5,2988.5,554,2607.5,5997,5668,4462,3089,3506.5,4684,6825.5,2843,581
LANMLR17B035,NA,3985572.5,6770641.5,1.6983785715000002,0.06388911805,0.85350930035000006,0.0669159559,1.11852498095,0.00181474212565,0.023439920955,0.00188998926345,0.030692794614999998,80703.5,15919,81249,3080350,727351,2811.5,17032,5512,9665,18477,71416,2134606,1267498,16651.5,37232.5,36692,5743.5,93521,163658,143615.5,1242208,1469188.5,5178,9439,20496.5,142737,9931.5,9742,4321,8820,8460.5,55388,41738,11479.5,26987.5,22262,31965.5,342534.5,653439.5,414037,9538,43908,113146.5,5617.5
LANMLR17B036,NA,5939167.5,10067220,1.7603982685,0.15427680282,1.848405939,0.12886580365,2.0536627564999996,0.004812667932,0.057737091805,0.004030328477,0.064609672955,115545,NaN,142678.5,4287899,1393045,NaN,48654,18084,19787,74885,217977.5,3256720,1548578,27005,78665.5,64151.5,15284,250136,307944.5,181046,1680311.5,2130685,10748,15864.5,28621,444162.5,NaN,NaN,8353.5,NaN,131711,115635.5,38864,NaN,15827.5,291173,270041,NaN,NaN,12851,212178,297506,371186,NaN
LANMLR17B037,NA,2204812,11432115,5.512767882,0.12200156697,1.5066157586,0.145939801305,2.9133369055,0.007184203519,0.088219933845,0.008563021013000001,0.169514303905,231198,38177,92935,1652344.5,209246,5732,36558,10255.5,15465,96348.5,128763.5,4140660.5,1989826.5,23586.5,84710,86167.5,12398.5,253556,231287.5,213283.5,2155829,1817372,15519.5,13193.5,67514.5,213054.5,18945,29974,21591,22814,21202.5,61648.5,46503,20024,49834,46009.5,43124,427475,584182,187783,39904.5,74392,149538.5,8228
LANMLR17B039,NA,2132446.5,10544708.5,5.052528744,0.048643113875000005,1.7833827455,0.1254976265,1.1484974343499998,0.0033450163644999998,0.1296055248,0.0098840154265,0.08633796926500001,93867.5,12656,121996,1597672,306255,5319,19355,5484.5,14756.5,35587.5,208523.5,3077477,1866781,25207.5,61911.5,49267.5,15490,137358.5,451587,177807,2281681,3613352.5,9239,13208,3669,182137,7174.5,1564,5000,694,6751,13411,8826,1004,6924,10122,17486,113718.5,167751.5,86136.5,6808.5,20656.5,58741.5,1045
LANMLR17B040,NA,439233,17418705,39.65709544,1.250462557,32.45135846,2.049566657,39.07361963,0.06372040631,1.653639075,0.1044407283,1.99109274,184328,NaN,10269,201521,43115,NaN,25264,12841,25461,23665,333243,6020545,2686175,40646,61456,129102,21047,401247,510981,281231,3179279,3527621,17991,21502,3325,151107,2690,NaN,1900,NaN,12895,8352,3233,NaN,9361,18187,5480,NaN,NaN,1105,19419,52992,NaN,NaN
LANMLR17B041,NA,311881.5,16786254,57.672031395,6.517845428499999,81.029318945,4.4059402135,113.14974751,0.19633588415,2.489381733,0.13233546425,3.3665606279999998,73481.5,NaN,5583.5,172314,60502.5,NaN,27461,32392.5,29832,47649.5,423912.5,4982997.5,2773202,46703.5,80031.5,60583,21729,544058.5,412937.5,409533.5,2543857.5,4215305.5,16841,29000,5871.5,306527,NaN,NaN,6245.5,NaN,19902.5,120274,87349.5,NaN,11959.5,53523,117263,NaN,NaN,15811.5,33356.5,100923.5,235640,NaN
LANMLR17B042,NA,269151.3333333333,13920532,84.88822121333334,4.819196333333333,49.96715240333333,5.244123136333333,54.02307847,0.34761934478333334,3.223968043466667,0.3984780284933333,3.114323017333333,97532,12960,5561,128159,29259.333333333332,12753,40696,21623.333333333332,22007.333333333332,33870,220323.66666666666,4378341.666666667,2306929.3333333335,31939,33544,35083.666666666664,22789,264268.6666666667,342049.6666666667,257017.66666666666,2492922.3333333335,3333381.3333333335,8257,20390,10316.666666666666,186381.66666666666,4967.5,629.5,5638.333333333333,1035.5,4633.333333333333,14924.666666666666,9377.666666666666,1114.5,2348.6666666666665,9605.333333333334,13463.666666666666,36386,58214,24888,5506.666666666667,10066.333333333334,26580.666666666668,1309.5
LANMLR17B043,NA,5707299,11847862,2.150581609,0.22328257312,1.900453145,0.12048219643,3.069044591,0.005704733939,0.05094255654,0.003265280037,0.08059512898,84801.5,NaN,126021.5,4043708,1452768,NaN,25296.5,20838.5,29997,104139,196186.5,3720402,1996466,36030,49362,47875,12719,303638.5,315094,247794.5,2014990.5,2640343,13196.5,12840,19090.5,351422.5,3208,NaN,3467,NaN,25420.5,22504.5,41214.5,NaN,6748.5,28056,12714.5,NaN,NaN,3940,35899.5,93293,NaN,NaN
LANMLR17B044,NA,2050156,15585689,7.602196613,0.2368655038,3.583226549,0.2713329323,3.596563718,0.01110882169,0.1680507467,0.01272531928,0.1686762504,98157,NaN,76478,1630686,244835,NaN,31451,18115,23458,25861,274038,5785488,2416826,13432,56593,24810,20751,275058,413441,136649,3491573,2513181,11379,3523,12695,97059,NaN,NaN,5807,NaN,13719,44615,24972,NaN,17144,23426,51896,NaN,NaN,20907,18138,45400,114732,NaN
LANMLR17B046,NA,2288693,9758160,4.263638679,0.06541949745,1.487549979,0.04533042941,1.212349251,0.002299858066,0.05229562976,0.001593615937,0.04262079826,188770,20002,61526,1750108,268287,2926,31419,4025,13942,183160,91523,3199819,1901285,31706,43715,83151,2789,74591,199379,123883,1689579,2035444,2974,7925,34925,172332,21458,2025,11453,1413,11938,25523,22175,3592,1896,12679,17070,74162,125236,94525,5470,3262,29532,857
LANMLR17B047,NA,3510936,10884256.333333334,3.3183334066666665,0.17453920594,2.0584271748666665,0.34818553106666666,1.740450723,0.008179867283333333,0.08832243626666667,0.015193973039333335,0.07257567622333333,87057,11720,115507.66666666667,2839249,465215.6666666667,21010,97926,20775.333333333332,12678,34367,230412.33333333334,4904364.5,2206522.6666666665,28043.333333333332,59429.333333333336,60428.333333333336,39162.666666666664,191164,266426.6666666667,133221.66666666666,2153110.3333333335,1975605.3333333333,15305,20280.333333333332,43770.5,90398,22848,NaN,54019.333333333336,NaN,68565,96821,59586,NaN,62381.5,86791.66666666667,98567.66666666667,429863,840914,188311.33333333334,43522,101116.33333333333,245709.66666666666,NaN
LANMLR17B048,NA,2979986,13775726,6.553906901666667,0.24927128446,4.382754621,0.28531139936666666,3.0006013642666667,0.019885248647333334,0.3527139529166667,0.025388920006,0.22795363990333334,152297.33333333334,NaN,155605,2180438.6666666665,491645,NaN,56541,27325.666666666668,18839.666666666668,81639,459560.3333333333,4386782,2286571.6666666665,39840.666666666664,96802.66666666667,108356.66666666667,35037.333333333336,313692.3333333333,552022.6666666666,256601.66666666666,2262864,2653956,15902.666666666666,15613.666666666666,45344.333333333336,309385.3333333333,NaN,NaN,43064.666666666664,NaN,27363.666666666668,99865,62967.333333333336,NaN,13661.333333333334,60248,115897,NaN,NaN,23114,42234.666666666664,100066.66666666667,245249.66666666666,NaN
LANMLR17B052,NA,3538936,12002798.333333334,35.45243770966667,3.8733161403166667,61.89264049493334,2.53300428924,42.399287578666666,0.11977994878513334,1.9137330055633333,0.07812373714166666,1.3076603153466666,76892,6425,62867.333333333336,2506885.6666666665,890149.3333333334,3429,13336.333333333334,13773.666666666666,18289.666666666668,24245,218844,3730020,2351289,27304,41879,38756.666666666664,11607,204483.33333333334,281365,212998.66666666666,1909623,2835546.3333333335,9412,9293.666666666666,14372,287971.6666666667,1560,5184,4624.666666666667,4197,35013.333333333336,52122.666666666664,17189.333333333332,7770,9930.666666666666,21338,17660,298321,412909,67961.33333333333,16099.333333333334,41675,97019,10466
LANMLR17B053,NA,4615527.5,10076857,2.165941519,0.101735614525,1.662652991,0.11242874851000001,2.262297019,0.0029946685295,0.047706924299999995,0.0032401202759999997,0.066543251950000007,89254,10708,97466,3442181,981272.5,4997,42847.5,10796,16853,91006,169397.5,4346165,1898892,26137,62514.5,66783.5,11535.5,239790,204877,198944.5,1792699.5,3003791,12657,17502,29384,299739,10580,NaN,4102,NaN,54614.5,72076,52572,NaN,9006,52024.5,39668,288598,524819,219678,44219.5,116453.5,131108,NaN
LANMLR17B054,NA,3469055.3333333335,10216341,3.254098970333333,0.07728349845333334,1.4335904218,0.10838436598333334,1.6624427989333335,0.004770241019333333,0.09142811543333333,0.006721372229,0.11269180227333334,121187.66666666667,20638,166057.66666666666,2549050.3333333335,619001,20767.5,22066,11812,26701,94430.66666666667,227950,3275811.6666666665,1396401.3333333333,19716.666666666668,54489.666666666664,25649,16724.333333333332,270121.3333333333,323214.3333333333,148096,2174796.6666666665,2054514,12402.333333333334,17465.666666666668,20090,248157.66666666666,15169.5,1444.5,4806.333333333333,1263,4838.666666666667,27953.333333333332,17950.666666666668,3023.5,40464.333333333336,11278.666666666666,40413,93141,117093.5,55091.333333333336,8985.333333333334,48718,155521.33333333334,1513.5
LANMLR17B055,NA,2386669,12235471,6.8949581835,0.37614202134999997,2.8658983444999997,0.29278933505,3.9457868339999997,0.01592382906,0.11253625683999999,0.011737410770000001,0.1586160318,88544.5,7383,98058.5,1900849,295525.5,11463,20498.5,31733.5,21964.5,293782,193029,3938376,1646782,22020,67517.5,82613,21053.5,286148.5,395766,193215,2665801.5,2230306.5,20666.5,17470,40522,266745,13185,433,3306,518,27901.5,12606,16672,695,13467.5,34731,10137.5,42734,51714,23086.5,36894,97590.5,17253,1304
LANMLR17B056,NA,2567821,13377940,5.2146373355,0.3391431095,2.661500859,0.43610931529999997,2.7273365,0.0285195823,0.18197518995,0.02798835122,0.1956124779,93660.5,NaN,137386,1853426,483348.5,NaN,102524.5,50070,27176.5,152167,336415,4185241,2538750.5,33728.5,100051,181782,52652.5,357078.5,403656.5,337718,2114819.5,2199894,13743,32720,84044,261715.5,NaN,NaN,47986,NaN,62414.5,171391.5,135321.5,NaN,38043,106400,156863.5,NaN,NaN,56568.5,59685.5,151393,346850,NaN
LANMLR17B057,NA,251255,15354911,73.33742834,8.648761218,144.54002976,8.081427250333332,226.68150523,0.15158293429,2.5156745324333336,0.13745646294666666,3.8634479469666667,59112,2272,3229.3333333333335,152862.33333333334,35294,1583,14888,17952,31708,48848,299154.3333333333,5160873.666666667,2160405,40848.333333333336,45686.666666666664,31492.333333333332,15543.333333333334,433095,365706,262013.66666666666,2853179.6666666665,3493954.3333333335,9366.333333333334,19832.666666666668,6601.666666666667,486417,2888.5,1132,4385.666666666667,727,13767,19317,12445,1239,9027.666666666666,17658.333333333332,20931,114399,149835,23826.333333333332,15747.333333333334,42422.333333333336,74414.5,1865
LANMLR17B058,NA,2553246,12442089.5,4.855582769,0.18049812216,2.452305648,0.5426108672,1.7679911595000002,0.009404982682499998,0.130099389115,0.028252871216,0.095688042645,91181,16376,116247,2102752,234878,13843,183388.5,20755,7904,94655.5,282830,4339225,2345643.5,18504,85183,60881.5,62386,204596.5,306261.5,196322.5,2708827,3583369.5,14926.5,19739.5,63498,240222,20140,NaN,56978.5,NaN,21909,30730,34983,NaN,16335,25371,33194.5,72571,122040,60068.5,18762,35646.5,81066.5,NaN
LANMLR17B059,NA,4236833,10355283.5,2.5326640620000003,0.09197708839999999,1.357875285,0.09131452491,2.2841697874999998,0.0022304743905,0.033471135855,0.0022287786610000002,0.056027283149999996,121644,14338,81493.5,3325350,701176.5,11786,22149.5,8158.5,19588.5,42430,113193,3996011,2106980.5,22211,60826,62564,7907.5,194110,206125,197908,2043148,3171284,12595,18317,25815,196158,8872.5,NaN,6851,NaN,28733.5,35265,19782,NaN,12023,30489,25491.5,259151,416522,150962.5,33541,61440.5,82736,NaN
LANMLR17B060,NA,7919000,11314277,1.428750726,0.09793441032,1.037232658,0.03668408504,1.1358985,0.002612979217,0.02767431152,9.787647823e-4,0.03030680598,137553,38250,142187,5329166,2271844,4139,22646,13925,20729,35712,147481,5002055,2522692,33938,50545,68968,5216,161510,326546,173569,2520321,46798,3432,23127,NaN,225947,NaN,NaN,20256,NaN,22519,75905,52084,13448,26434,37757,56042,513687,899848,NaN,21702,62892,180119,5421
LANMLR17B062,NA,2702739.3333333335,11019770.333333334,13.235998880999999,0.17724413744666667,4.007627370333333,0.45742219933333333,5.608786283666667,0.006373102693666667,0.15968819898,0.018680135631666667,0.22949786013,86580.33333333333,14610.5,51326.666666666664,1906295,648797,11936,21450,8620.333333333334,15017.333333333334,77119,160791.33333333334,3049529.5,2286403.6666666665,20787,59622,78329.33333333333,13662.333333333334,194054.33333333334,264514.6666666667,172022,2256993.6666666665,3276918.6666666665,10267.666666666666,19150.666666666668,44350,287471.6666666667,18750.333333333332,3086,10240.333333333334,3232,15276.666666666666,45604.666666666664,92424.5,1738,5590,24278.333333333332,26397,215803,388845,204000,13677.333333333334,50317.333333333336,68832,10329
LANMLR17B064,NA,370477,17320442,47.943413745,2.188229789,50.497151605,3.534824764,57.378142865,0.12039646065,2.8270311595,0.1945280784,3.1746337005000003,92953,NaN,11681.5,222264,43578.5,NaN,27461.5,25422,27440.5,84582.5,587567.5,5380887,2690562,43647,92867.5,77929,41067,666928,584348.5,448406.5,2795095.5,3633342,20390,22762.5,9199,405545,NaN,NaN,4326,NaN,14018,18029.5,7405,NaN,4057.5,16694.5,22468.5,NaN,NaN,2208.5,11630,19728,26468,NaN
LANMLR17B065,NA,4545569,10754523,2.3476800276666667,0.13706266052333332,1.7403179678,0.17670448694666666,2.3113103930000003,0.004067433217,0.050461870756666666,0.005102144026666667,0.06749613459333334,114886,14442,112417,3599845.6666666665,713606.3333333334,1269,40558.666666666664,15077,19599,118322.5,186285.66666666666,3663377,1754006,24996,67153,60729.666666666664,18882.333333333332,250476,294354.3333333333,182514,1934189.6666666667,2058014,12633,16098.333333333334,36009,328585.6666666667,5239,1872,17618.333333333332,1569,19870.666666666668,71160,39976,1588,19927.666666666668,41215.666666666664,64109.666666666664,114886,142667,45728.333333333336,25876.333333333332,62811.333333333336,132513,716
LANMLR17B067,NA,2625539,13164260.333333334,5.097248138,0.22869262473333332,3.8447931856666666,0.2861831013,5.290421648333333,0.00796205991,0.13986474533,0.010399570818,0.19518213351666666,120524.66666666667,9562,73035.33333333333,1979030.3333333333,449761.3333333333,1601,42725.333333333336,15240.333333333334,24530.333333333332,61304.333333333336,280105,4261132.333333333,1996739.6666666667,25213.333333333332,68872,38336.666666666664,20302.666666666668,378925,422785,276980.6666666667,2375318.6666666665,2805088.6666666665,18112.333333333332,10494,13029,287026,6016.5,1065,3196.6666666666665,714,28517,16499,11007.666666666666,1573,4774.666666666667,41369.666666666664,6684.333333333333,60510,106531,27038.666666666668,26476.333333333332,68516.33333333333,17829,1553
LANMLR17B068,NA,2468503,9676152,3.919846158,0.07952992018,1.587114698,0.1212241478,2.565639194,0.001910695764,0.03813021972,0.002912394043,0.06163914071,153761,23869,45354,1887794,357725,4794,19567,3607,13310,29093,71982,3295437,1885419,15777,53540,33604,5498,116362,150528,181525,1802104,1957986,12732,2987,20300,123366,11848,963,11982,874,9417,26175,17673,798,2094,13573,11927,86703,137224,86240,2954,14364,27956,1235
LANMLR17B071,NA,366373.6666666667,16876197.666666668,48.26290307,4.745053941666667,73.44388771333334,3.646673138,74.30806527,0.11791894853333333,1.83752707,0.09094917484666667,1.8626727036666668,67028.33333333333,NaN,5589,224418.33333333334,69338,NaN,21697,26225,30492,41665,400396.3333333333,5421535.666666667,2565167.6666666665,45512,48864.333333333336,37397.333333333336,19939.333333333332,405284,483071.3333333333,292729.6666666667,2840662.3333333335,4082733.6666666665,15185.333333333334,30062,3758.6666666666665,535742.3333333334,783,NaN,6894,NaN,39263,48097,30635.666666666668,NaN,14438.666666666666,41863.333333333336,26664,NaN,NaN,11710,33817.333333333336,94231,91011,NaN
LANMLR17B072,NA,2424286.5,14411244.5,5.9784772969999995,0.63380061555,7.6993040735000005,0.8581256424000001,10.52248742,0.010989519521,0.13842647895,0.01955834963,0.1751484095,76322.5,NaN,55227,1787605.5,505131.5,NaN,96242,18872.5,16101,167153.5,240502,4442889,2635107.5,44140,81191.5,98123,36227.5,296666.5,258696,257833,2164763,3413790.5,16742,29994.5,43313,419248,NaN,NaN,47443.5,NaN,16627.5,106973.5,82249.5,NaN,12675.5,41121,50976,NaN,NaN,20786.5,25301,58004.5,115738,NaN
LANMLR17B074,NA,2430824.6666666665,13158667.333333334,6.605531089333333,0.17156894684666668,3.046244446466667,0.21501126881666666,2.9095032636,0.013275706181666666,0.24889413066666666,0.017836327729666666,0.22056375266,133523.66666666666,31668,154257.33333333334,1706316.3333333333,426171.3333333333,17330,28828.666666666668,19231.666666666668,24750.333333333332,66400.33333333333,358471.6666666667,4520931.333333333,2201905.3333333335,27531,76763.66666666667,71877,25397.333333333332,335996.3333333333,477407,249030.33333333334,2281185.3333333335,2299600,13937,8733,31058.666666666668,236273.33333333334,14941,2896,7900,3925,15273.333333333334,39836.666666666664,22936.333333333332,3055,11290,25082,36139.333333333336,224225,243439,43375.666666666664,18273.333333333332,31706.666666666668,75565,3131
LANMLR17B075,NA,2618908,12233157.5,4.9041156745,0.2901570483,2.675175704,0.21973737725,4.307015637999999,0.007246778186000001,0.06799403671000001,0.0055453080425,0.108954733305,98862.5,13048,48298.5,2025807,439416,1224,20879.5,13900,24778,36327,127535.5,4149612.5,2288442,40128,62016.5,55229,10496.5,205601.5,232238,193673,2265471.5,2438334,11611.5,12787,17304,192153.5,8773.5,948,4054.5,777,27043,33583.5,10765.5,1174,9442,24985,22913.5,83824,129280,42693,17981,45781.5,25151,1468
LANMLR17B077,NA,2663653.5,11075627,4.508275837499999,0.09102154731,1.9229474249999998,0.15059637095,2.7839791246,0.0041811755661,0.09025223225500001,0.007118935521,0.128838755955,110383.5,11890,109726.5,2182761.5,254837,8170,38137.5,7697.5,15723,38053.5,176533.5,5059105,2033801,22115,74802,48532.5,14193.5,242347.5,308836.5,218668.5,2188871,3022275.5,12228.5,16254.5,34103,255879,5782,NaN,5439.5,NaN,39113,42830,23156,NaN,13601,39659.5,41951.5,456450,582557,136527,36426.5,109424.5,272390,NaN
LANMLR17B080,NA,5214083.5,11292135,2.175481897,0.15674563485499998,1.85787477,0.23886546746499998,1.3247958180000001,0.0039145701365,0.05106416033,0.00563587724,0.04034236239,95743,NaN,119124.5,3872232,1126984,NaN,50760.5,15029,14367,22171,197966.5,4053474.5,2384123,27755,53706.5,55779.5,21502,157868.5,205844.5,131539,1719679.5,2066179,7220.5,19503,42754,99027.5,5009,NaN,69156.5,NaN,108544,238336.5,181813,NaN,27204.5,105748.5,72964.5,NaN,NaN,45048,59885,158507,243279,NaN
LANMLR17B084,NA,164330.66666666666,17121552,105.20314118666667,10.057045007333333,116.27079377333334,6.367179522,122.93817653333333,0.39365377516666666,4.614455009,0.25556443823333336,4.575817272,55316.666666666664,NaN,3445.3333333333335,82454.66666666667,23114,NaN,35771.333333333336,32659.333333333332,38086.333333333336,68105.66666666667,375324.6666666667,5901076.666666667,2944500.6666666665,47303.333333333336,61540,34855.333333333336,21134.333333333332,373227,439876.3333333333,298215.3333333333,2716953,3574037.3333333335,17243,24769.333333333332,7593.666666666667,592708.6666666666,NaN,NaN,16667.666666666668,NaN,23849.666666666668,20824.666666666668,14563.333333333334,NaN,6987,25302,16706.666666666668,NaN,NaN,7626.333333333333,22938.666666666668,70996.33333333333,73983,NaN
LANMLR17B086,NA,4356506,12548001,2.880290076,0.1874786262,2.626642728,0.1981044506,4.415604084,0.004914656273,0.06885609534,0.005193206824,0.1157528021,77068,NaN,81876,3123311,1074251,NaN,29943,15350,25928,160582,215059,4151839,2327966,27702,72657,43742,16220,361532,272567,270315,1907100,2560375,16572,13555,18776,322657,NaN,NaN,9262,NaN,20576,115330,122290,NaN,189252,51271,90329,NaN,NaN,27391,22031,87005,195027,NaN
LANMLR17B090,NA,2892690,12817646.333333334,4.455187454333333,0.18965359545666666,3.667229402666667,0.21728327288,2.8672532423333332,0.005375625100333333,0.10516276744,0.006205025982333334,0.08452176745333333,100493,4008,77724.33333333333,2211969.6666666665,501167,15844,32468.333333333332,12686.333333333334,23584.666666666668,85242.5,247953.66666666666,4054444.6666666665,1857977,21870,57740,36997.666666666664,14766,199833.66666666666,419533.6666666667,120611.33333333333,2831198,2759138.3333333335,11320.333333333334,13397,12003,350539,5139,2680,9893.666666666666,2975,12622.666666666666,14951.333333333334,9678.666666666666,1615,13013.333333333334,14851,14294.333333333334,45966,76366,22805.333333333332,14014.666666666666,40254,65421,1308
LANMLR17B091,NA,4325871,7048056,1.629280207,0.03339749073,0.4227972626,0.03056743656,0.4903906473,0.001284421326,0.01626019826,0.001175581355,0.0188597464,180144,20404,140280,3647557,337486,4412,42905,4685,2959,164416,59310,2290127,906412,20875,58856,123078,4288,68792,134627,62077,1648099,1349481,10915,7877,83865,146294,16622,2966,16924,2386,20706,49482,30568,3889,14250,28379,43042,239695,290215,148773,17889,29182,70592,1654
LANMLR17B093,NA,3162583,8166552,2.582241162,0.03318866206,0.6510314526,0.03952204897,0.8593688046,0.001176262365,0.02307365674,0.001400728318,0.03045748516,73848,15065,93315,2632916,347439,17569,18875,3097,5175,23932,60751,2721223,1614006,14164,48506,33050,3688,80192,165268,100840,1714699,1502186,3321,9961,26049,94970,4470,3315,3877,1438,2969,45431,37528,4961,18435,16430,23649,243851,439341,301599,4429,28202,66012,4499
LANMLR17B094,NA,5186709,10273621.666666666,2.1671997236666667,0.16963883928333331,2.0166441413333334,0.2734752346966667,1.7418063840000002,0.0044694117346666664,0.05868068695,0.006992544479,0.05180685934333333,98436,10926,106564,3773428.6666666665,1204638.3333333333,4890,69108.66666666667,16954,15373,18768.5,208703.66666666666,3529385.6666666665,1773430,19744,45625,29709,27558.666666666668,177421.66666666666,263292.3333333333,146684,1907238.6666666667,1948856.3333333333,9639.666666666666,12319.666666666666,26147,245738.33333333334,2885,472,27019.333333333332,367,44454.666666666664,73240.66666666667,36375.666666666664,242,16163.666666666666,36832.333333333336,39040.666666666664,2158,3722,18530,27726.666666666668,69985,122228.5,58
LANMLR17B095,NA,3867624.3333333335,9510711,3.3311388756666664,0.30647465868,4.107325803666667,0.44965330963666666,5.889783703733333,0.009484522780333333,0.11643824952000001,0.015616366444333334,0.13881169852,96242,13567,124100.66666666667,3099279.3333333335,543480,16404,178691.33333333334,37348.666666666664,29120,131630,394980.6666666667,3587614,1679689.6666666667,29049.333333333332,63344.333333333336,66856,66760,384842.3333333333,255557.33333333334,252346,1685390.6666666667,580787.6666666666,25190,27878.333333333332,48245.666666666664,430276.6666666667,19795,1824,78690.66666666667,1456,35361.666666666664,261874.33333333334,143839.33333333334,2060,18248.666666666668,104629,175315.66666666666,362880,537307,138200.33333333334,47182,235491.33333333334,446758.6666666667,2369
LANMLR17B098,NA,8859617.5,5700907.5,0.9913183566,0.20408614695,0.7959536879,0.11232631095000001,1.1573437744500001,0.0043974638124999995,0.0207109210925,0.0023437628404,0.0311843799175,192390.5,17454,101624,6537564.5,2019311.5,34447,53176,21445.5,9500,135016.5,88468.5,1925421.5,1178632,13831,40623,54251,11699.5,130087.5,103693,105581,794993.5,951154.5,13751.5,13143,41203,154871.5,6263,7577,17791,6263,26727,75591.5,58149,3416,24089,41761.5,45460,18417,18680,34809,27389,48523,96506,NaN
LANMLR17B099,NA,4518326,12398675,2.936994845,0.09574242411666666,1.7004794836666668,0.17744370810000001,2.283023904,0.004182929049666667,0.06916976878,0.007955627984666667,0.09327524675333333,103413.33333333333,NaN,140177,3548163,726572.6666666666,NaN,31247.666666666668,13435,13067.333333333334,83466.5,241244.66666666666,4159295.6666666665,1923229.6666666667,30463.333333333332,71348,78234,24790.333333333332,321647,382909.6666666667,209812,2411484.6666666665,2314886,12582.666666666666,17060.333333333332,34560,261262,NaN,NaN,21716,NaN,29297.666666666668,62715.333333333336,61070,NaN,38198.666666666664,59289.333333333336,61125.666666666664,NaN,NaN,33363.666666666664,55028.333333333336,158368.66666666666,250712,NaN
LANMLR17B100,NA,326005.5,16626469,69.734281665,4.8910491270000005,77.11069240500001,3.6623591170000003,78.557497505,0.198110601185,3.1297179215,0.1483220266,3.188339324,119382.5,NaN,6449,153442.5,46731.5,NaN,49104.5,22760,26729,74117.5,372415,5398023,2769315.5,44291,63357,39387,16998,379188,437071.5,293579.5,2634570,3895675.5,14800,25570,10341,478410,1453,NaN,4144,NaN,106565.5,72331,14345,NaN,7356,104687,18427,NaN,NaN,11041,86230,242515,NaN,NaN
LANMLR17B102,NA,1924285.3333333333,12668960,10.561543951,0.5554856100633333,5.1834628132,0.40100308117666666,6.919813223899999,0.030714634208666665,0.2902689176066667,0.021237068385333333,0.344343281,183373.33333333334,20497.5,107421.33333333333,1136562,483263.6666666667,25502.5,39483,22461.666666666668,24745.333333333332,36010.333333333336,205309.33333333334,2548831.6666666665,3182744,27509,45943,54408.666666666664,14045,237951,228482,354342.6666666667,1673911.3333333333,3887199,4188,11578,9980.5,191630.66666666666,5084.5,111,40927,149,44509.666666666664,67252.33333333333,93446.5,80,2842,84671,49040.666666666664,25027,26385,18087.333333333332,55031.333333333336,43467.666666666664,50092.333333333336,83
LANMLR17B103,NA,1527767.5,5706982.5,4.5389800015,0.85723795434,3.2181892000000003,0.8325502979,1.641227868,0.1142836267115,0.3390472443,0.1094972637905,0.184700338755,57980.5,25463,73981,1000963.5,369379.5,12765,15965,41410.5,34190.5,60794,223389.5,1854622.5,750984.5,31414.5,58447,51879,41346.5,105024.5,260984.5,113634.5,917940,1045312.5,39221.5,21255,34384,122579,25434.5,23085.5,55013,19496.5,65630,174856.5,185574.5,25841,40207,88527,220635.5,1016332.5,1641182,845782,116339.5,135213,346271,58287
LANMLR17B106,NA,2787311.3333333335,14190264,7.1294695133333335,0.548986398,7.730251169,1.3357145073,11.994984271,0.019329653895666668,0.2808425031033333,0.04431513320666667,0.42473339213333333,89331.33333333333,NaN,68719.66666666667,1792231.6666666667,837028.6666666666,NaN,58810.333333333336,26681.666666666668,27340.333333333332,38824.333333333336,380281.6666666667,4135051,2675315.3333333335,23983.666666666668,48850,39652,59820,622557,429628,713573,2013180.6666666667,2769455.3333333335,39022,18492.666666666668,8621.666666666666,357089.3333333333,4704,NaN,26474.333333333332,NaN,28624.333333333332,60200,53830.333333333336,NaN,33387.666666666664,53421.333333333336,65486,NaN,NaN,23385.333333333332,44302.333333333336,110959,215718.5,NaN
LANMLR17B107,NA,2810926.5,11676212,5.009376577499999,0.27061584665,3.9736379790000003,0.280907832,5.1272457545000005,0.0068076374709999995,0.10494738675,0.0072870674379999995,0.1346940923,104443.5,8433,60992,2103515,537759.5,1802,25927,12537,27936.5,69868.5,224555.5,3922778.5,1817152,27095.5,58627.5,30057,14803.5,283895,319134.5,221099,2099104,2474057,14355,9367.5,8227,233768,5756,10641,7214.5,8143,13457,49206.5,36146.5,7798,66569.5,23673.5,49582,171115,268564,76824,16059,49201,143902,933
LANMLR17B108,NA,2296540.3333333335,12196580,7.7339698446666665,0.13880693481333334,3.416830892066667,0.22659201477,3.9686148746333334,0.012199792255666668,0.30972428438,0.017210036247333332,0.2923948768,157279.66666666666,12281,73177.66666666667,1682110.3333333333,379879,9962,33611.333333333336,9546,19379.333333333332,46467.666666666664,240097.33333333334,3933649,2220770.6666666665,23221.333333333332,75033.33333333333,72784.66666666667,15059.666666666666,264043.3333333333,359987.3333333333,281894.6666666667,2136667.3333333335,2354484.3333333335,12717,13377.666666666666,28679.333333333332,187693,5916,10237,7378.666666666667,8845,80399,170238,38557.333333333336,14728,25361,55277.666666666664,88123.33333333333,596450,861926,143366,34477,117254,346504,9552
LANMLR17B109,NA,2471598.3333333335,10476603.333333334,5.720473061666667,0.17193165776666666,2.2958988423333335,0.14767514909999999,2.4867169713333332,0.0066132028623333335,0.08198167793333333,0.0052891596936666665,0.08366603350333333,83745.66666666667,15418.5,55376.333333333336,1780825.3333333333,541372,2785,27643.666666666668,8812,11699.666666666666,33593.333333333336,120943,3588212,2515344.3333333335,31146.666666666668,40004,42504,7870.666666666667,131473,151075.33333333334,176439,1502780.3333333333,2037933.6666666667,8055.333333333333,10449.333333333334,14200.333333333334,149650.66666666666,12834.666666666666,1305.5,4444.333333333333,3207,40780,96072,60232.666666666664,1835,9418.666666666666,30245.666666666668,25205,337815,645434,335682,15664.666666666666,39266.333333333336,66636,3216
LANMLR17B110,NA,3843422.5,10650574,4.0059070695,0.086965884775,1.36006596265,0.12966424401499999,2.439435386,0.0039901327255,0.057939645555,0.005554726766,0.11275172514500001,108959.5,48105,109902.5,2854514,745994,21551,49266,9803.5,19420,114706,162222.5,3545151,1839304,32093.5,77641.5,67406.5,15404,273343.5,301974,233692,2263781,3341198,15142,18097.5,24298,446927.5,29936,NaN,4077,NaN,10080,31256,35314,NaN,83643,19158,36683.5,192009,283719,104504,15056,55152.5,144311.5,NaN
LANMLR17B111,NA,2647885.5,8637095.5,3.2771269685,0.043665147540000004,0.9515264434499999,0.07819708447000001,1.1019910435,0.0023756719795,0.049212383129999995,0.0041729387475000004,0.05549473365,75809,9549.5,121597.5,2153363,287566.5,14904,19311,5162,15273,286546.5,105074,2569585.5,1244853.5,17220.5,53627.5,20023,9008,117341.5,235379,77479.5,2155793.5,1636349,9412.5,9773,34979,102874.5,24505.5,11003.5,8287,8564.5,10741.5,25229.5,24026.5,11101.5,19291.5,18730,28497.5,244570.5,285950.5,145059.5,17615,33091,132235.5,5561
LANMLR17B112,NA,3964217,10428770,2.646852956,0.22139097229,2.4327387082,0.3598430316,2.975217998,0.004796806214,0.052523911005,0.007817842707,0.060856978810000004,129274.5,42179,55807.5,2764863.5,993182,4549,49027.5,13708,9156,62669,149914.5,2804770,2068353.5,25085.5,59161.5,65414.5,22362.5,170317.5,232673,315989.5,1798829.5,2477673,10399.5,25902,27334,207335.5,17962,1518,47955.5,1786,8948,37780,30015.5,2172,8261,21619.5,34464,54533,152856,126682,12617.5,43834.5,117433,2354
LANMLR17B113,NA,5622074.5,8816028.5,1.5795725360000001,0.055114609295000005,1.0939047985,0.06545202256499999,1.385725429,0.00135513203685,0.026865422415,0.0017398979079,0.035619478835,81258,8511,114298.5,4116245.5,1306017,2688,23123.5,6037.5,13506.5,18451.5,119610,3159904.5,1472085,18810,42513.5,29540,8102,162846.5,202817,119185.5,1631702,1726073.5,10450,10285.5,21500.5,158797.5,4388.5,1995,4060.5,847,35413,35811,47697.5,1635,10979,49485.5,20525.5,166128,330958,112411.5,62090,168794,40217,2540
LANMLR17B114,NA,3460531,8996972.5,2.9961867548499996,0.15226340360500001,1.55521720405,0.151232080865,2.8268167624,0.005733781549,0.056509994435,0.0057152949215000005,0.101348174835,74285,24009,126551,2930830,316860.5,35843,55048,15180.5,18307.5,85037.5,141591.5,2773542,1261165.5,23754.5,77163,40883.5,15211,248410,294741,146761,1888018.5,1774358,12617,17659.5,68765,226601,12191,10426,6384.5,18087,68897.5,119485,114834.5,9502,47800,87840.5,157022.5,976768,995899,439544,48330,94655.5,246396,6575
LANMLR17B115,NA,1611262.5,12710959,7.9462078505000004,0.805428199435,5.053313362500001,0.80428800925,4.5352768565,0.026013338761500002,0.17146908562500002,0.026328440306,0.15639154518999998,99134.5,20743,45054.5,1197981,258721,10718,122352.5,30606.5,27531,213247.5,203230,3955856,2351548,17972.5,71712,67593.5,31040.5,185787.5,256718,180448,2361723,2500144.5,10194,19695,75630,341260.5,24194,4951,54411.5,2503,13912,24361,16618,2221,25951,20668,8864.5,66325,98294,55105,20918.5,16492.5,33592,2564
LANMLR17B116,NA,3961860,13561443,3.422999046,0.2642095138,3.772385449,0.237692375,6.201031829,0.004253228632,0.06072763078,0.003826357349,0.09982383202,152367,NaN,45744,2841606,922143,NaN,25367,12086,16503,30048,172564,4563947,1960185,31132,57435,33061,10873,283660,322445,195498,2726885,3042114,18241,14953,10149,411853,NaN,NaN,9000,NaN,11068,29689,16368,NaN,8135,16686,23904,NaN,NaN,8182,10568,31479,73140,NaN
LANMLR17B118,NA,4046007,8177083,2.021025421,0.08459471359,1.0582993,0.04223662836,1.009549547,0.001897871877,0.02374281316,9.475735034e-4,0.0226491185,70874,9798,65867,2935920,963548,4977,14158,5572,11560,61091,69707,2484716,1651493,23083,32847,45112,2782,66496,177277,138445,1500498,1847393,2036,14251,23589,159051,16155,1645,2900,754,1534,12685,5207,2325,1754,2709,3778,46930,109719,104477,1762,2203,8403,1341
LANMLR17B119,NA,2442805,12017953,5.716506423,0.07447741719,2.2476204055,0.12592558195,1.39747462455,0.0045575449225,0.16212428585,0.01025912533,0.100818944775,74689.5,11305,122995.5,1862311.5,377156,5454,28662.5,9049.5,18262,30439,274768.5,4226749.5,1939056,27293,54210.5,43507,15474,170840.5,460290.5,154550,2277607.5,2228459,7221,8343.5,22076.5,134932.5,3816.5,3793,9893.5,3401,49221.5,64356.5,21636,9720,13022,44066.5,50595.5,214410,355264,72602.5,27046,72899.5,113729,3100
LANMLR17B120,NA,3382556.3333333335,9162940,5.966374642,0.27686667105,1.8277288229666668,0.15072379992333335,2.9322855169666666,0.010858229422333334,0.07389214663333334,0.0058330163694,0.10718595655,118304,19693,51820.666666666664,2408227.3333333335,791075.6666666666,4438,31561,13086.333333333334,6948.666666666667,114625,85091.33333333333,3006024,2386284.3333333335,23407.333333333332,47219.333333333336,76268.66666666667,7160.333333333333,142270,84434.66666666667,165105,1266587,1663580,11652.333333333334,10713.333333333334,38247.333333333336,128975,31816.5,8144,15952.666666666666,6612.5,56822,90218.66666666667,88142.33333333333,7643,16983.333333333332,42242,38059.666666666664,302248,722986,425461.3333333333,49218.666666666664,66033,76677,5448.5
LANMLR17B121,NA,3308656.3333333335,12195284.333333334,4.326639365,0.13344793024,3.8100802707666666,0.2684821037933333,4.641112207666667,0.004211513737533333,0.12586042714,0.009121686088333334,0.15815710896666665,89473.33333333333,7574,91585.33333333333,2427786.3333333335,697286.6666666666,1750,22376,7602.333333333333,24220,49362,238021,4126526.3333333335,2035649.6666666667,26200.666666666668,63305.333333333336,53736,17877.666666666668,306369.3333333333,352112,216098.66666666666,2190927,2396613,15292.666666666666,14685.666666666666,24413,241972,4960,13833,12126.333333333334,11986,12097.333333333334,40261,39102.333333333336,9290,55127,20132,32088.333333333332,156155,256301,70248.33333333333,16341.666666666666,34397,89851.33333333333,961
LANMLR17B122,NA,74637,12366319,165.6861744,1.332994924,31.74416244,2.58071066,43.31116751,0.07878078781,1.876098761,0.1525215252,2.559715597,26039,3063,1970,33333,10232,2730,19912,2626,6035,78778,62536,3162984,3114181,22683,24168,4312,5084,85323,123869,155417,2468560,3014815,3513,5065,3728,163847,14493,1203,2425,1333,3719,4104,3425,1307,1506,3046,3409,16717,30626,29993,2873,1728,4860,1120
LANMLR17B123,NA,4289716,12881334.5,3.126912601,0.24913254890000003,3.9252180814999997,0.18782784415,3.629551395,0.0064754921585,0.10788676593499999,0.005166069546,0.09826052057000001,87559,NaN,81418,3147374,973365,NaN,22178,20084,25481.5,85186.5,325776,4490229.5,1685263,22699.5,54853,31874,15594.5,298847,427421.5,163075.5,2516372,2569594,13631,10785.5,14459,399100,2640,NaN,5648.5,NaN,52652.5,28973.5,32948,NaN,6057.5,74210.5,12382,NaN,NaN,6168,84978.5,277843,NaN,NaN
LANMLR17B125,NA,3765117,13579768.333333334,7.110350872333334,0.2333440122,3.4192603889999997,0.2610293971666667,3.7167346673333332,0.013635226440999999,0.17882031122666667,0.014930772349666666,0.19990886690333334,170241.66666666666,NaN,75860,2763693.6666666665,755321.6666666666,NaN,81950.33333333333,15097.333333333334,18938.666666666668,117405.5,229992.33333333334,4822471,2731328,24134,77868.33333333333,90394.66666666667,17215.333333333332,248865,281519.6666666667,199912.66666666666,2070119.3333333333,2441244,16688,15935,48367.333333333336,409611.6666666667,10777,NaN,6193.333333333333,NaN,39119.666666666664,31219,9337.333333333334,NaN,18240.666666666668,38247,16957.666666666668,NaN,NaN,6953,24658.666666666668,56611.666666666664,73821,NaN
LANMLR17B129,NA,5320464.333333333,11867555.666666666,2.7319484586666665,0.18129453683333335,1.8862450266666666,0.234827912,3.0130748973333334,0.004959448394,0.05146432577333333,0.006445311375,0.08275421468666666,103422,NaN,108400,4207397.333333333,901245,NaN,71105,17919.333333333332,10708.666666666666,85498.33333333333,184477.33333333334,4026440,2110329,33628,79077.66666666667,99223.33333333333,23891.666666666668,289428.3333333333,293632.6666666667,240187.33333333334,2212642,1883139.6666666667,17781.666666666668,26887.666666666668,53369.666666666664,425452.6666666667,3957,NaN,11049.666666666666,NaN,16649.333333333332,25869.333333333332,19191.666666666668,NaN,12291.666666666666,26528.666666666668,27107.333333333332,NaN,NaN,9330,33465.333333333336,56854.333333333336,102011.5,NaN
LANMLR17B132,NA,3515365,11461593,4.3393347275,0.137929311385,1.9209601885,0.2418487224,3.854225721,0.003813120998,0.053380860695,0.0067741374705,0.107033895375,86297,15895,66845,2423936,930339.5,15153,15629,10565,19340,23664,133706,3325267,2104319,24506.5,49957.5,35331,14220.5,271677,261241.5,299374,2185842,2612611.5,16389,10591.5,15865.5,277958.5,18297,1472,3586,972,11892.5,11242,8560.5,1899,4643,11130.5,4739.5,34907,50498,27298,13098,26189.5,17694,1459
LANMLR17B134,NA,3443935,8562513,2.486258597,0.1817179591,1.759681376,0.1068755629,1.664373777,0.005055422603,0.04895461653,0.002973295204,0.04630314393,81779,8281,64402,2314940,974533,855,16619,11703,18067,24511,113327,2984027,1254309,20700,44096,15528,6883,107189,268555,128845,1672150,1849510,7465,7311,10863,302250,4453,2665,5255,1150,6012,17154,10997,4559,10672,8293,14078,113493,155729,73517,5349,13396,39375,1729
LANMLR17B135,NA,3611995.3333333335,12038714.333333334,4.274066632333334,0.16989903130666667,2.4014515640000003,0.14890026078,3.162436037,0.005492007799,0.0839635998,0.004541652127,0.10847680287333333,111541.66666666667,23771,89781.66666666667,2615496,787252.3333333334,7084,24060.333333333332,13391.666666666666,20235.333333333332,84849.66666666667,196093.33333333334,4494627.666666667,2080692.6666666667,27494.333333333332,71081.66666666667,67917.66666666667,11535.666666666666,251224.33333333334,270458.3333333333,195172.66666666666,2034410,2118960,10535,16147.666666666666,26310,167138,3838,1620,7084.666666666667,1083,10423,67565.33333333333,42469,1134,18549,25580,51992.333333333336,68949,115371,33472.333333333336,14323.333333333334,42975.333333333336,113881.33333333333,1764
LANMLR17B138,NA,421567,17073472,40.50002016,3.589794897,42.28064032,2.970485243,74.30952976,0.1208070639,1.422866811,0.09996548851,2.500732317,105820,NaN,7996,237602,70149,NaN,48677,28704,60629,59569,338076,5658049,2670008,17022,103613,38853,23752,594179,481551,326238,3151402,3396310,24560,6091,7383,313299,NaN,NaN,9024,NaN,11887,86349,53722,NaN,24904,30669,37819,NaN,NaN,11921,12425,38020,65102,NaN
LANMLR17B140,NA,2079440,15339179,7.376591294,0.8372961957,9.921238111,0.6750594429,16.25823709,0.01198897161,0.1420589782,0.009665956367,0.2327964033,41742,NaN,23552,1644845,369301,NaN,28946,19720,32802,113231,233665,5183264,2142732,20977,83001,33531,15899,382914,376120,218168,3078193,3305536,16226,10662,10715,480878,NaN,NaN,4635,NaN,5411,34567,17971,NaN,21409,14738,24551,NaN,NaN,11300,11280,40458,91315,NaN
LANMLR17B144,NA,1020415.3333333334,14220660,17.90451586,0.9147401481666667,8.591381765666666,0.6446757798666667,12.970873407333332,0.05860426519,0.41671203160000003,0.03585349431333333,0.6871052170333333,72190.33333333333,19405,36495.666666666664,706048.3333333334,199212.66666666666,11530,18705.666666666668,23310,21455.666666666668,47773.333333333336,219174,4479742,2609446.6666666665,37665.333333333336,86186.33333333333,122421.66666666667,16421.333333333332,322841,364681.6666666667,354713,2587706,4290539,19500.333333333332,23281.666666666668,22024,469030.6666666667,18904.5,NaN,7345.666666666667,NaN,14188.333333333334,25990,7425,NaN,11615.5,18564.333333333332,21070.333333333332,238879,406137,111539,14555.666666666666,34770.333333333336,69789,NaN
LANMLR17B146,NA,1005742,11445293,11.37994933,0.07856547602,5.211356648,0.4076266559,5.156958533,0.003551368849,0.2355672058,0.01842581094,0.2331082661,69551,8628,34799,769844,122920,5435,22248,2734,16067,23605,181350,3582687,2187841,18453,46694,28801,14185,179457,319312,229049,2056238,2506730,11031,8869,4507,82184,6132,1523,2306,1808,2802,8516,2465,1249,1396,6469,8462,51616,80603,51948,1578,8682,21264,1251
LANMLR17B147,NA,1242626,16086531,40.3150286025,2.1994351978199997,49.263672829,2.8886842912,48.1057945855,0.07491575171749999,1.69673321415,0.10030555976,1.6874676033,97055.5,NaN,69634.5,969257,106679,NaN,35053,15532,28498,124372,406229.5,5244344.5,1975159.5,31624.5,104869,60570,26353,491956,609001.5,273365,3191562.5,3368906,21160.5,17988.5,19853.5,574605,NaN,NaN,6900.5,NaN,10370,14986.5,10230,NaN,16216,19816,17808,NaN,NaN,7418,20779,45342,137556,NaN
LANMLR17B149,NA,3701203,13477761.5,4.18604979,0.156305622555,2.550647411,0.333731708015,1.543805341,0.0083832038645,0.13734559345,0.017806671113,0.083369198125,83352,NaN,152782.5,2806805.5,658263,NaN,62081,20214.5,22590.5,34799.5,356265.5,4308394,2040984,26279,57096,37754.5,38685.5,227214,542815,152252,2850543.5,2600066,12780,15020,22102,162939.5,1451,NaN,34603.5,NaN,44534.5,33500,36568.5,NaN,10646,59510.5,42023,NaN,NaN,16785.5,47906,116635.5,112247,NaN
LANMLR17B151,NA,1974771,15010373,10.9023130795,0.33246225025,3.2303447944999997,0.52654811755,1.6755372309999998,0.052317199625,0.4888513738,0.08925095502500001,0.23259389085499999,86784.5,NaN,143047.5,1516973,227966,NaN,128051.5,41663.5,20118,36209,416372,4703671,2665350,40880.5,71204.5,89885,62196.5,228397,620852,202088.5,2825570,2673189.5,21597,37567.5,52861.5,263583.5,NaN,NaN,46539.5,NaN,9459.5,35205,22838,NaN,10483.5,25294,40733,NaN,NaN,14695,24122.5,43576.5,113706,NaN
LANMLR17B152,NA,2885701.3333333335,11963086,5.131097621666667,0.29579875371333336,4.6624998392,0.3882674938166667,5.253951500333334,0.008787200891666666,0.12760467312,0.0109393771772,0.15851018200666667,96435.66666666667,11165,63216.666666666664,2024921,697406.3333333334,9555,49384.666666666664,15488.666666666666,26703,54252.666666666664,236810.66666666666,3664847.6666666665,2056263.6666666667,26044.333333333332,63467,58912.666666666664,19540.333333333332,278058.3333333333,384477,247451.33333333334,2096433.3333333333,2571560,10676,12327.333333333334,24747,310810.3333333333,14921,1643,14143.333333333334,1874,74508.66666666667,54833.666666666664,67941.66666666667,12522,19599,98294,91944.66666666667,285470,271971,109453,62117.333333333336,108327.66666666667,158952.66666666666,6390
LANMLR17B153,NA,9454610,7638197,0.8078807058,0.03433468343,0.522212863,0.03578296098,0.431826837,0.002803707536,0.04264294857,0.002921971235,0.03526219077,92998,NaN,533047,6527785,2300780,NaN,31449,18302,13495,131088,278364,2657723,1217062,19872,48821,51159,19074,230184,234170,140331,1147069,1320301,11436,15491,30789,156893,NaN,NaN,9151,NaN,142267,84380,42660,NaN,10003,109093,23667,NaN,NaN,13775,110214,243024,NaN,NaN
PT_MEXI5,NA,496650.9,15016059.1,45.5611214271,4.69609863895,71.3231160428,3.6889290573,68.0674543252,0.155046291496,2.3987197668999998,0.124943961864,2.25523497837,91312.1,5112.666666666667,11389.8,279633,112782.2,7863,21656.4,23273.4,23252.4,51995.9,389864.9,4801769.7,3436216.7,40225.4,37807,48527.8,19736.2,352088.1,282556.6,345031.2,1698422.5,3346083.1,16612.5,24902.5,6350.5,453297.9,8581,4208.666666666667,8145.5,4186.333333333333,16593.8,102425.8,117464.5,3194,6552.8,29367.4,37164.9,129663.66666666667,295290.6666666667,88574.4,9912.5,22916.8,46488.4,1268.6666666666667
