RILS,BLOCK,Genos,LPCs,PCs,PCs_LPCs,PC32_1-LPC_18_1,PC34_1-LPC_18_1,PC36_1-LPC_18_1,PC36_2-LPC_18_1,PC32_1-LPC_18_2,PC34_1-LPC_18_2,PC36_1-LPC_18_2,PC36_2-LPC_18_2,LPC_16_0,LPC_18_0,LPC_18_1,LPC_18_2,LPC_18_3,PC_16_0__9_0_CHO,PC_32_0,PC_32_1,PC_32_2,PC_33_2,PC_34_1,PC_34_2,PC_34_3,PC_34_4,PC_35_2,PC_35_3,PC36_1,PC_36_2,PC_36_3_A,PC_36_3_B,PC_36_4_A,PC_36_5_A,PC_38_2,PC_38_5_A,PC_p_36_3__PC_o_36_4,PE_34_2,SM_d32_1,TG_46_3,TG_48_0,TG_48_3,TG_50_1,TG_50_2,TG_50_3,TG_50_4,TG_50_5,TG_52_2,TG_52_3,TG_52_4,TG_52_5,TG_52_6,TG_54_3,TG_54_4,TG_54_5,TG_56_4
LANMLR17B033,MT2,RIL,8901367,3897969,0.4379067844,0.006852868331,0.03803802129,0.01210757079,0.1183061115,0.0003513640885,0.00195030665,0.0006207861246,0.006065856956,1230414,45381,239024,4661831,2724717,164663,2956,1638,2192,6198,9092,567378,1053808,3319,5628,4575,2894,28278,7161,34811,526190,1470499,3261,1361,2067,13862,7110,959,2508,1077,4025,3822,2547,554,714,3432,2508,4462,3089,4622,2621,1857,2843,581
LANMLR17B114,MT1,RIL,4081548,3215582,0.7878339297,0.06229759821,0.3400873271,0.06480926993,0.4211817648,0.00303341799,0.01655965953,0.00315571725,0.02050834027,63839,24009,171997,3532319,289384,35843,57273,10715,11716,127135,58494,872700,425512,22159,52844,35241,11147,72442,107106,17094,688326,457597,7958,27020,117260,80484,12191,10426,11088,18087,130911,225223,213770,9502,60972,164421,298326,976768,995899,867958,86872,166991,434233,6575
LANMLR17B013,MT1,RIL,5422428,4330449,0.7986180729,0.07185522371,0.1715184486,0.05754783317,0.4822989527,0.001958818801,0.004675701285,0.001568790294,0.01314777419,131119,19290,135105,4956048,180866,9005,30898,9708,14397,425027,23173,1470277,807227,16085,81848,130645,7775,65161,111168,88512,776236,123497,18713,14855,106242,39173,66755,9895,9098,6334,16000,98992,75565,8055,16254,52104,81407,675709,611125,349242,10548,52188,132061,10260
LANMLR17B153,MT1,RIL,9454610,7638197,0.8078807058,0.03433468343,0.522212863,0.03578296098,0.431826837,0.002803707536,0.04264294857,0.002921971235,0.03526219077,92998,NA,533047,6527785,2300780,NA,31449,18302,13495,131088,278364,2657723,1217062,19872,48821,51159,19074,230184,234170,140331,1147069,1320301,11436,15491,30789,156893,NA,NA,9151,NA,142267,84380,42660,NA,10003,109093,23667,NA,NA,13775,110214,243024,NA,NA
LANMLR17B029,MT1,RIL,5886459,5382974,0.9144672544,0.01893856878,0.3512553099,0.0260592528,0.5947473042,0.0003089723482,0.005730537463,0.0004251423972,0.009702975619,147138,15614,73448,4502021,1148238,4030,8639,1391,2042,76442,25799,1504076,917892,19567,30148,49413,1914,43683,76356,67712,1170572,1333249,1875,13343,34831,116020,9735,2857,1516,2896,2998,27941,21435,8756,21083,13248,16712,254426,488375,307022,3304,23829,63426,1520
LANMLR17B010,MT3,RIL,8349669,8078049,0.9674693691,0.1818246227,1.790225067,0.2373828024,1.691153201,0.002735038727,0.02692888793,0.003570754873,0.02543863108,60244,NA,84686,5629902,2574837,NA,61013,15398,9231,161662,151607,2732424,1500413,17429,34383,42672,20103,143217,139983,108849,1095491,1773243,11479,18960,19106,269902,NA,NA,29383,NA,23337,322327,248163,NA,122078,88332,91832,NA,NA,32955,33701,117652,194445,NA
LANMLR17B129,MT2,RIL,8268520,8721651,1.054801948,0.1031826845,0.978662437,0.1659356153,1.332752409,0.002420474445,0.02295760602,0.003892541837,0.03126390016,110650,NA,153204,6530951,1473715,NA,60052,15808,6919,33441,149935,3528525,1827712,33540,69243,101720,25422,204183,243913,157109,2009115,53925,8116,25835,66471,289670,NA,NA,13009,NA,18816,39409,29075,NA,20460,34050,49669,NA,NA,11316,41457,64076,152977,NA
LANMLR17B095,MT2,RIL,5863471,6363877,1.085342965,0.3115912698,2.540563492,0.6395714286,0.8887222222,0.01546122378,0.1260632902,0.03173566764,0.04409858196,113337,NA,252000,5078576,419558,NA,436144,78521,42001,NA,640222,2249143,861385,27982,78341,136009,161172,223958,168429,149668,796595,83635,28810,65017,121570,272081,NA,NA,220875,NA,85766,638562,353281,NA,44728,257958,450184,NA,NA,123773,113445,615094,1165015,NA
LANMLR17B027,MT1,RIL,5295386,5808897,1.09697329,0.01953678903,0.4232483288,0.02568142429,0.4525197506,0.0004051756994,0.008777795438,0.000532609992,0.009384858799,74135,8617,88858,4284561,839215,5733,15527,1736,4030,111035,37609,1833791,945843,18981,26519,44202,2282,40210,91414,49533,1306509,1224489,8031,13342,28081,63832,10701,11081,16216,10864,21585,67510,43441,13413,32864,30422,40951,286422,494864,271721,18932,33828,66216,2998
LANMLR17B010,MT1,RIL,4755891,6396818,1.345030405,0.03840648855,1.03101145,0.03882395038,0.9149769402,0.0006189597759,0.01661580218,0.0006256875996,0.01474578758,55409,3291,50304,3121366,1525521,9795,11808,1932,9241,43474,51864,2181234,1341576,14404,22338,29391,1953,46027,107943,74220,1115081,1314605,1606,3089,15237,162993,8142,6090,2289,5717,7090,61495,50337,6720,14890,17911,25535,284836,513476,347207,8588,24905,60656,3386
LANMLR17B120,MT1,RIL,4208648,5684721,1.350723795,0.08775910075,0.5721062479,0.04555164337,0.7192504309,0.001876245883,0.01223134676,0.0009738714572,0.01537721613,131092,15166,67879,3174957,819554,5835,24351,5957,4087,85000,38834,1820333,1416694,20509,35251,74503,3092,48822,37802,86580,794782,1116691,9168,5423,51007,57018,20936,13199,13751,5356,14701,110173,114012,12169,31381,31457,36765,405139,968274,739085,14342,35336,93037,5965
LANMLR17B047,MT1,RIL,4313322,6029994,1.397993009,0.03780104712,0.7291765826,0.0775249881,0.705473584,0.001140807408,0.0220060054,0.002339646318,0.02129066658,79217,11720,105050,3480868,636467,21010,28275,3971,9849,26701,76600,NA,2089646,25087,39535,44289,8144,74110,155095,83853,1592027,1724013,8925,12922,NA,61999,22848,NA,5340,NA,19579,75499,NA,NA,NA,31419,48262,429863,840914,488729,17457,57158,138150,NA
LANMLR17B094,MT1,RIL,7162313,10165827,1.419349727,0.1353200742,1.538440877,0.113934898,2.228995332,0.002308166393,0.0262413212,0.001943397564,0.03802016919,79011,NA,78185,4583725,2421392,NA,17013,10580,15555,15300,120283,3617209,2005255,21651,34795,24058,8908,174274,201489,146133,1674990,2000580,10936,9858,16590,318915,4243,NA,6179,NA,110203,74101,20886,NA,7409,50472,24842,NA,NA,7171,48525,101203,NA,NA
LANMLR17B024,MT1,RIL,7060605,10065341,1.425563532,0.05563440642,0.7657207635,0.05145479848,1.20680995,0.0020417772,0.02810187611,0.001888386003,0.04428980552,99065,NA,217006,5912986,831548,NA,30736,12073,15427,21261,166166,3814854,1734696,21550,56661,41962,11166,261885,209867,174492,1632453,1786383,12206,10495,25090,60683,2183,NA,7328,NA,265743,184768,61612,NA,7102,76609,21642,NA,NA,16521,83769,152301,NA,NA
LANMLR17B036,MT1,RIL,7106055,10146175,1.427821062,0.06510073584,0.809747973,0.0584332123,1.0802245,0.00229319463,0.02852363617,0.002058328941,0.03805125996,147192,NA,186726,5300902,1471235,NA,32454,12156,16303,37514,151201,3330997,1502706,28770,71068,64011,10911,201706,264308,155480,1880597,2234675,11598,15773,36186,429680,NA,NA,9360,NA,53640,35265,17249,NA,11397,41889,20827,NA,NA,6313,52992,132015,NA,NA
LANMLR17B060,MT1,RIL,7919000,11314277,1.428750726,0.09793441032,1.037232658,0.03668408504,1.1358985,0.002612979217,0.02767431152,0.0009787647823,0.03030680598,137553,38250,142187,5329166,2271844,4139,22646,13925,20729,35712,147481,5002055,2522692,33938,50545,68968,5216,161510,326546,173569,2520321,46798,3432,23127,NA,225947,NA,NA,20256,NA,22519,75905,52084,13448,26434,37757,56042,513687,899848,NA,21702,62892,180119,5421
LANMLR17B113,MT3,RIL,6759675,10294456,1.522921738,0.0511675273,1.012231502,0.07480587333,1.452914252,0.001768062011,0.03497702858,0.002584870323,0.05020454632,104945,NA,180681,5228889,1245160,NA,32915,9245,15948,19798,182891,3824871,1478369,22966,57867,42304,13516,262514,283628,151261,1936184,1866331,13975,13726,29867,235090,2802,NA,6317,NA,66085,44046,70098,NA,11602,88293,26423,NA,NA,8479,118647,322053,NA,NA
LANMLR17B035,MT2,RIL,3970007,6326695,1.593623135,0.0480461768,0.7514061296,0.05178492367,0.9881606349,0.0009248597243,0.01446411165,0.0009968283309,0.0190214921,67575,13240,60983,3168048,660161,4800,16199,2930,5031,17774,45823,1846126,1343043,15296,33794,42429,3158,60261,117704,117951,1211608,1402780,2214,10895,26879,130958,14386,9050,3281,8809,8629,60547,48245,11557,26632,22961,30686,390726,825589,574799,10447,46347,123426,6374
LANMLR17B091,MT1,RIL,4325871,7048056,1.629280207,0.03339749073,0.4227972626,0.03056743656,0.4903906473,0.001284421326,0.01626019826,0.001175581355,0.0188597464,180144,20404,140280,3647557,337486,4412,42905,4685,2959,164416,59310,2290127,906412,20875,58856,123078,4288,68792,134627,62077,1648099,1349481,10915,7877,83865,146294,16622,2966,16924,2386,20706,49482,30568,3889,14250,28379,43042,239695,290215,148773,17889,29182,70592,1654
LANMLR17B043,MT3,RIL,6529942,10660495,1.632555848,0.08665827074,1.08984018,0.07435971736,1.513245882,0.00316066379,0.03974944763,0.002712101962,0.05519220986,98217,NA,179452,4920169,1332104,NA,34699,15551,25181,173717,195574,3508021,1558621,25760,53252,56260,13344,271555,281266,162534,2043321,2149139,13653,14768,29714,463921,NA,NA,5484,NA,37831,32404,77067,NA,8778,45948,21358,NA,NA,6448,62180,172987,NA,NA
LANMLR17B121,MT1,RIL,4507495,7374734,1.636104754,0.0308717569,0.9943895423,0.08518212628,1.206390795,0.0006898548696,0.02222045445,0.001903464866,0.0269577973,51011,7574,70226,3142690,1235994,1750,8510,2168,13091,20451,69832,2550646,1274466,15639,32870,20112,5982,84720,158653,106685,1397983,1583900,7086,7699,12491,105054,4960,13833,6284,11986,6010,23119,21067,9290,33599,10534,15324,156155,256301,158713,5753,18062,46313,961
LANMLR17B113,MT1,RIL,4484474,7337601,1.636223334,0.05906169129,1.175578095,0.0560981718,1.318536606,0.0009422020627,0.01875381625,0.0008949254928,0.02103441135,57571,8511,47916,3003602,1366874,2688,13332,2830,11065,17105,56329,2494938,1465801,14654,27160,16776,2688,63179,122006,87110,1327220,1585816,6925,6845,13134,82505,5975,1995,1804,847,4741,27576,25297,1635,10356,10678,14628,166128,330958,216344,5533,15535,40217,2540
LANMLR17B011,MT1,RIL,4381164,7218993,1.647734027,0.05163402619,0.6978553406,0.04696323441,1.123272858,0.001017767111,0.01375554584,0.0009257003366,0.02214102321,72755,11235,66584,3377983,852607,13086,14779,3438,12712,194697,46466,2183170,1404469,19041,41992,53409,3127,74792,119735,130758,1352278,1502217,2857,5691,40279,108542,13888,3495,10410,4187,3529,27544,22557,3678,20707,15966,17026,162567,320390,226535,9695,24488,60380,4469
LANMLR17B152,MT1,RIL,4176702,6914953,1.655601238,0.05541632604,0.9664419636,0.03200343085,1.117828377,0.001518300385,0.02647864466,0.0008768322416,0.03062634022,67797,11165,74617,2723440,1299683,9555,24361,4135,14385,65938,72113,2109393,1305817,15716,25284,37439,2388,83409,145976,137854,1204415,1628052,2450,4277,21996,93395,14921,1643,11446,1874,62529,58188,63784,12522,11837,101528,87123,285470,271971,266680,77512,107729,133464,6390
LANMLR17B052,MT3,RIL,4255426,7185584,1.68856984,0.03199200913,0.7534674658,0.08758561644,1.129452055,0.0007652773004,0.01802361164,0.002095125812,0.02701749727,79688,6425,70080,2929657,1169576,3429,10363,2242,9845,13869,52803,2454546,1194937,8905,25245,9573,6138,79152,139430,83413,1652050,1427965,2916,1570,7193,107234,2666,5184,4385,4197,6360,62299,39451,7770,13943,23254,36282,298321,412909,193843,10320,46574,97019,10466
B73_NAM,MT1,B73,4261712,7333289,1.720737816,0.02292304294,0.6775155397,0.06166976935,0.9955983971,0.000412612716,0.01219521892,0.001110050314,0.01792068181,63294,13147,63386,3521462,600423,8356,9655,1453,3108,89183,42945,1986769,1497355,9146,26632,14093,3909,63107,105407,65561,1841751,1544661,3203,4266,12729,94060,6397,2227,4158,6250,3630,42215,30833,2819,9738,16611,20183,171509,296460,242195,3323,24197,50638,4137
B73_NAM,MT1,B73,4179187,7256137,1.73625564,0.07064027018,1.31353597,0.1144177371,1.669012393,0.001630085662,0.03031098474,0.002640288779,0.0385139123,61415,9539,70767,3066710,970756,2191,13500,4999,16692,19195,92955,3162722,1479843,20482,42383,37531,8097,118111,222945,142376,1805973,46572,2922,9648,7000,87472,9202,3561,7737,1478,7385,39066,25570,1887,13638,16846,31475,287923,420278,198497,9926,38331,108133,2450
LANMLR17B062,MT1,RIL,3741055,6693545,1.789213203,0.09942023994,0.805847349,0.1723398963,1.161529189,0.002032393123,0.01647349284,0.003523049435,0.02374450049,147189,23444,52263,2556592,961567,5634,24598,5196,2889,113435,42116,1714896,1595970,27012,63165,195042,9007,60705,80565,147329,780856,1704624,6759,36087,77660,101144,32843,3086,21667,3232,21979,104631,158128,1738,5749,41295,56634,330980,590389,490911,5680,35474,90156,10329
LANMLR17B125,MT3,RIL,6217775,11206794,1.802380112,0.1278427788,1.899542962,0.1588117002,2.15202925,0.00298746125,0.04438898343,0.003711150561,0.05028914464,87623,NA,109400,4681567,1339185,NA,122904,13986,17400,211801,207810,3718232,2072735,15712,51833,33873,17374,235432,236453,170245,1760348,2240273,12644,9557,31463,475095,NA,NA,6865,NA,8634,26269,17289,NA,18473,16872,29074,NA,NA,11731,12486,26867,73821,NA
LANMLR17B035,MT1,RIL,4001138,7214588,1.803134008,0.0797320593,0.9556124711,0.08204698813,1.248889327,0.002704624527,0.03241573026,0.002783150196,0.04236409713,93832,18598,101515,2992652,794541,823,17865,8094,14299,19180,97009,2423086,1191953,18007,40671,30955,8329,126781,209612,169280,1272808,1535597,8142,7983,14114,154516,5477,10434,5361,8831,8292,50229,35231,11402,27343,21563,33245,294343,481290,253275,8629,41469,102867,4861
LANMLR17B110,MT3,RIL,6014261,10944381,1.819738285,0.09483522168,1.768304176,0.1666064381,2.607352139,0.003001487064,0.0559659377,0.005273009962,0.08252138369,74352,NA,141129,4459123,1339657,NA,56030,13384,20101,187734,249559,3545151,1540242,25337,59698,32243,23513,367973,369249,212622,2014182,2145485,13650,12690,24298,599059,NA,NA,4505,NA,11429,36505,35314,NA,83643,23729,50540,NA,NA,18621,18536,72773,209353,NA
LANMLR17B052,MT1,RIL,6193241,11536921,1.862824489,0.08230779182,1.137932819,0.08291147428,1.858048381,0.002117057955,0.02926903605,0.002132585413,0.04779129677,112389,NA,115955,4508143,1456754,NA,20844,9544,13330,22775,131949,3729370,2168574,33824,70503,61294,9614,215450,217835,206095,1905487,2605309,13561,15785,31768,193169,NA,NA,8822,NA,43096,32420,1733,NA,11679,21553,3413,NA,NA,6363,25614,48862,NA,NA
LANMLR17B112,MT1,RIL,4053589,7829645,1.931534006,0.06813392648,0.8296758264,0.1014665503,2.490538728,0.001212231381,0.01476150171,0.001805281784,0.04431139312,158168,42179,46981,2640585,1165676,4549,19153,3201,3884,99955,38979,1697396,1955650,20539,47370,54143,4767,117008,81760,366159,1152122,2122659,1822,17666,20863,182392,17962,1518,4467,1786,2857,6270,6563,2172,1231,11161,3980,54533,152856,218470,2098,14150,40315,2354
LANMLR17B080,MT2,RIL,5435312,10571188,1.944909142,0.2423874439,2.406808211,0.4023033532,1.323553223,0.004952934713,0.04918061656,0.008220649599,0.02704543023,81258,NA,76584,3747879,1529591,NA,72815,18563,12556,20249,184323,3457780,2568839,22886,42926,55213,30810,101363,142909,108497,1564867,2031125,3485,23048,53816,82575,NA,NA,123177,NA,29648,348545,336257,NA,41284,81013,116507,NA,NA,76594,30295,93457,243279,NA
LANMLR17B098,MT3,RIL,5639815,10988931,1.948455933,0.2612445817,1.410157415,0.1353737079,2.168006247,0.007340461517,0.03962266384,0.003803736281,0.06091673299,120394,NA,113966,4056012,1349443,NA,53176,29773,10481,257244,160710,3755210,2315524,21596,73472,100772,15428,247079,192845,203366,1534780,1856080,18875,20921,72398,302889,NA,NA,18939,NA,26847,131145,103071,NA,42769,61142,77167,NA,NA,52887,32441,83118,178953,NA
B73_NAM,MT1,B73,5833080,11757658,2.015686053,0.06459568414,1.134283851,0.09935380602,2.168265355,0.002463958167,0.04326648128,0.003789782941,0.08270699815,70852,NA,168680,4422153,1171395,NA,19470,10896,19387,29115,191331,4049851,1814399,23944,70222,50213,16759,365743,337056,259083,2150099,2256874,14970,10736,20460,150677,NA,NA,7115,NA,17083,55126,29640,NA,22081,32460,61037,NA,NA,4389,15329,59159,136641,NA
LANMLR17B053,MT2,RIL,4075489,8224335,2.017999558,0.06414757995,1.348989844,0.08776739412,1.438445333,0.001527477061,0.03212203866,0.002089910194,0.03425214562,59694,10708,74048,3109703,821336,4997,22436,4750,10064,30830,99890,NA,1954779,24465,51563,69746,6499,106514,188478,175928,1640845,3800989,6197,20322,NA,82972,10580,NA,3481,NA,42576,104059,NA,NA,NA,43300,62738,288598,524819,432304,17625,52928,131108,NA
LANMLR17B118,MT1,RIL,4046007,8177083,2.021025421,0.08459471359,1.0582993,0.04223662836,1.009549547,0.001897871877,0.02374281316,0.0009475735034,0.0226491185,70874,9798,65867,2935920,963548,4977,14158,5572,11560,61091,69707,2484716,1651493,23083,32847,45112,2782,66496,177277,138445,1500498,1847393,2036,14251,23589,159051,16155,1645,2900,754,1534,12685,5207,2325,1754,2709,3778,46930,109719,104477,1762,2203,8403,1341
LANMLR17B065,MT1,RIL,4027191,8165292,2.027540288,0.07738303417,0.9682976635,0.09025576227,1.165969065,0.002258372424,0.02825912379,0.002634054439,0.03402803227,84239,14442,88637,3037143,802730,1269,15259,6859,14325,17887,85827,2802268,1308384,19565,37365,28856,8000,103348,222426,121374,1673401,1679823,7173,7191,4692,81121,5239,1872,6695,1569,12589,25531,13425,1588,8519,19269,28256,114886,142667,71137,10392,18656,41283,716
LANMLR17B036,MT3,RIL,4772280,9988265,2.092975475,0.2434528698,2.887063905,0.199298395,3.027101013,0.007332141234,0.08695054744,0.006002328013,0.09116808595,83898,NA,98631,3274896,1314855,NA,64854,24012,23271,112256,284754,3182443,1594450,25240,86263,64292,19657,298566,351581,206612,1480026,2026695,9898,15956,21056,458645,NA,NA,7347,NA,209782,196006,60479,NA,20258,540457,519255,NA,NA,19389,371364,462997,371186,NA
LANMLR17B054,MT3,RIL,5348826,11283693,2.109564417,0.1248904973,2.566254506,0.1814944064,2.726875188,0.004604798278,0.09461956339,0.00669182322,0.1005417581,71441,NA,139266,3777147,1360972,NA,37106,17393,34271,140353,357392,3749616,1451944,19823,69274,28246,25276,379761,451944,176261,2133009,2139094,19221,11487,12092,638991,NA,NA,9646,NA,10528,74009,43652,NA,95966,30239,96566,NA,NA,13791,22651,119058,373470,NA
LANMLR17B094,MT2,RIL,5152216,11241754,2.181925991,0.3047588655,3.206799234,0.6350971319,1.591916311,0.007185698579,0.07561090195,0.01497451616,0.03753469404,93746,NA,100276,4252892,705302,NA,156874,30560,8998,NA,321565,3713918,1945212,22432,49840,47626,63685,159631,229475,129567,2183381,2033294,13216,24816,51169,278734,NA,NA,74515,NA,22675,144922,87906,NA,40578,59475,91768,NA,NA,46843,34382,108519,243333,NA
LANMLR17B135,MT1,RIL,5470103,11939351,2.18265561,0.1265593065,1.981649517,0.1083233491,2.249207132,0.003771961977,0.05906090067,0.003228459172,0.06703516332,123347,NA,113512,3808628,1424616,NA,22533,14366,21083,24880,224941,4416288,2069218,30418,62309,49689,12296,255312,292361,190428,1885050,2292634,12118,13078,16403,172639,NA,NA,8232,NA,14409,112041,71226,NA,23163,35988,73548,NA,NA,21663,16768,61003,153486,NA
LANMLR17B108,MT1,RIL,3173222,6948421,2.18970529,0.02106828194,0.7894493392,0.03806167401,0.8536674009,0.00073951859,0.0277104922,0.001336004311,0.0299646129,92709,12281,90800,2586818,390614,9962,17850,1913,12537,53940,71682,2463295,1087014,16854,41057,44122,3456,77513,150467,92188,1424396,1346174,2410,8901,22690,97592,7607,10237,1977,8845,11798,95340,66030,14728,29564,30203,60862,596450,861926,399532,16627,68676,188084,9552
LANMLR17B059,MT1,RIL,5389956,11897220,2.207294457,0.1339541768,1.518383751,0.1208177865,2.788491782,0.003162449743,0.03584667846,0.002852320003,0.06583195336,111409,NA,97287,4120856,1060404,NA,18411,13032,21844,63122,147719,3996011,2171560,23471,56967,54916,11754,271284,215632,248894,1939022,2537054,13061,17556,25815,260632,1583,NA,10379,NA,49030,39397,19782,NA,12023,47155,23327,NA,NA,43399,57356,86213,NA,NA
LANMLR17B099,MT1,RIL,5391757,11984254,2.222699205,0.06672611311,1.548695705,0.1097618112,2.252614636,0.002091077187,0.04853335683,0.003439739087,0.07059291866,79105,NA,132332,4222704,957616,NA,18829,8830,13174,30091,204942,4199442,1590227,25386,61309,41401,14525,298093,396170,176499,2530682,2306267,13113,10838,18981,190963,NA,NA,10220,NA,16214,46155,28752,NA,48590,28374,69111,NA,NA,18095,20382,68351,234259,NA
LANMLR17B120,MT3,RIL,5238017,11780141,2.248969601,0.3964239283,2.500126631,0.2221790737,4.824573252,0.006441845464,0.04062678424,0.003610385641,0.07839878752,101621,NA,59227,3644763,1432406,NA,40874,23479,10458,144250,148075,4213380,2348654,21950,57688,48244,13159,285745,140752,228647,1767850,2156611,19425,18760,38369,271480,NA,NA,7953,NA,131887,81924,54820,NA,12532,61663,42515,NA,NA,11937,109464,136732,NA,NA
LANMLR17B029,MT2,RIL,3483723,7880219,2.262010786,0.06674277017,1.385121766,0.06813165906,1.860939878,0.001299038423,0.02695912065,0.001326070864,0.03622013887,93282,14659,52560,2700459,622763,9158,9166,3508,13110,18624,72802,2628809,1272529,21530,37726,41661,3581,97811,191826,126026,1550472,1752730,3316,15076,10758,143215,10913,3139,6810,1730,7625,22665,7382,7472,17878,12819,27237,310416,434798,183281,10187,35463,125924,1815
LANMLR17B032,MT2,RIL,5282471,11964553,2.264953845,0.1254933539,1.426405208,0.2005738783,2.961110103,0.002915975885,0.03314409137,0.004660554317,0.0688046449,110156,NA,88172,3794613,1289530,NA,16960,11065,13929,29004,125769,3628456,2774446,24639,62544,80435,17685,261087,208799,315362,1703720,2513436,14906,16316,52495,190925,NA,NA,9615,NA,35165,51372,59930,NA,10616,56517,58126,NA,NA,18573,36317,64285,109313,NA
B73_NAM,MT1,B73,3722811,8490482,2.280664261,0.05980581187,1.048529817,0.06846508745,1.73405867,0.001192284949,0.02090342526,0.001364915728,0.03457008587,85855,12221,58088,2913733,652914,4945,22706,3474,13082,293003,60907,2790692,1474824,31052,31414,36622,3977,100728,155912,146873,1609142,1685181,2424,15127,8397,169744,13737,2409,3600,1282,2004,13597,5559,1598,4007,2796,3916,61391,89438,69658,2634,9899,26517,884
LANMLR17B132,MT2,RIL,5373638,12350369,2.298325455,0.1842838217,2.103585325,0.1747911081,4.338107508,0.005021934363,0.05732498562,0.004763247605,0.1182181429,115041,NA,95863,3517768,1644966,NA,16577,17666,22653,22665,201656,3726174,2062803,28615,56257,47278,16756,415864,318974,355709,2063519,2885875,20572,10833,12085,308172,NA,NA,4658,NA,20666,18123,13534,NA,6183,18297,5657,NA,NA,5095,23207,49251,NA,NA
LANMLR17B048,MT1,RIL,5022499,11569803,2.303594884,0.09668208068,1.267044559,0.1592558655,0.9739169348,0.005701664102,0.07472183495,0.009391848468,0.05743512331,100326,NA,234635,3978663,708875,NA,74475,22685,3921,102513,297293,3495909,1923276,32148,72903,74284,37367,228515,439441,246021,1933272,2450856,19059,22612,36605,253338,NA,NA,96427,NA,33783,101927,56924,NA,18033,77449,103922,NA,NA,30214,47666,104361,213681,NA
LANMLR17B053,MT3,RIL,5155566,11929379,2.31388348,0.1393236491,1.976316138,0.1370901029,3.086148705,0.004461859998,0.06329180994,0.004390330358,0.09883435828,118814,NA,120884,3774659,1141209,NA,63259,16842,23642,151182,238905,4346165,1843005,27809,73466,63821,16572,373066,221276,221961,1944554,2206593,19117,14682,29384,516506,NA,NA,4723,NA,66653,40093,52572,NA,9006,60749,16598,NA,NA,7052,70814,179979,NA,NA
LANMLR17B077,MT3,RIL,3092565,7215986,2.333333657,0.01730236522,0.81345266,0.0755593437,0.7517295262,0.0009290040322,0.04367615591,0.004056956032,0.04036209801,66443,11890,140790,2622163,251279,8170,50229,2436,12069,19440,114526,NA,1382128,11968,58529,22923,10638,105836,281421,106907,1930981,3074271,4823,5973,NA,190868,6380,NA,1755,NA,13804,30190,NA,NA,NA,14027,49343,456450,582557,263595,9319,67875,272390,NA
LANMLR17B102,MT3,RIL,3799006,8971674,2.361584583,0.05768221709,0.4461730106,0.01378268933,0.3171059957,0.006589417216,0.05096926342,0.001574486816,0.0362250935,448682,23954,249661,2185474,891235,34105,31214,14401,28887,23722,111392,2659052,1981428,21999,22473,17429,3441,79169,230194,147937,1310000,2239518,1183,4842,9288,61836,3452,111,383,149,293,598,343,80,135,537,486,818,738,900,525,238,460,83
LANMLR17B106,MT1,RIL,5132610,12138537,2.364983313,0.1580611426,2.176715227,0.2599735714,4.903738113,0.006442995337,0.08872874021,0.01059721878,0.1998894939,106044,NA,123351,3026077,1877138,NA,41509,19497,18261,46770,268500,3268608,2407770,21300,41330,43603,32068,604881,309110,726430,1426597,2746190,38422,12707,3092,443190,4704,NA,4184,NA,50184,42224,21860,NA,7001,48559,19043,NA,NA,9490,62919,118214,NA,NA
LANMLR17B080,MT1,RIL,4992855,12013082,2.406054652,0.07110382581,1.308941329,0.07542758173,1.326038413,0.00287620556,0.0529477041,0.003051104881,0.05363929455,110228,NA,161665,3996585,724377,NA,28706,11495,16178,24093,211610,4649169,2199407,32624,64487,56346,12194,214374,268780,154581,1874492,2101233,10956,15958,31692,115480,5009,NA,15136,NA,187440,128128,27369,NA,13125,130484,29422,NA,NA,13502,89475,223557,NA,NA
LANMLR17B099,MT3,RIL,5039722,12185630,2.417917099,0.09269015044,2.178153011,0.1498728836,2.562470514,0.003649023101,0.08574946333,0.005900191247,0.1008792634,96272,NA,152616,3876654,914180,NA,27095,14146,18405,136842,332421,4012619,1479190,26790,67662,39296,22873,391074,509923,209216,2514366,2310017,16818,10439,19183,358867,NA,NA,6389,NA,36550,19747,48557,NA,8331,70552,11670,NA,NA,4432,69628,279349,NA,NA
LANMLR17B123,MT1,RIL,5073798,12421244,2.448115593,0.2707522204,3.255386363,0.1551688304,3.268687736,0.005603051299,0.06736822607,0.003211123868,0.06764348984,75432,NA,72173,3487564,1438629,NA,16968,19541,23633,15704,234951,4175859,1920884,22533,36894,28183,11199,235911,389292,177419,2217645,2764848,12283,9407,11906,342869,2640,NA,6426,NA,39623,27652,23340,NA,5662,42152,10927,NA,NA,4171,47931,136470,NA,NA
LANMLR17B134,MT1,RIL,3443935,8562513,2.486258597,0.1817179591,1.759681376,0.1068755629,1.664373777,0.005055422603,0.04895461653,0.002973295204,0.04630314393,81779,8281,64402,2314940,974533,855,16619,11703,18067,24511,113327,2984027,1254309,20700,44096,15528,6883,107189,268555,128845,1672150,1849510,7465,7311,10863,302250,4453,2665,5255,1150,6012,17154,10997,4559,10672,8293,14078,113493,155729,73517,5349,13396,39375,1729
LANMLR17B065,MT3,RIL,4803888,12007651,2.499569307,0.23145531,3.275950581,0.3446061345,4.308850114,0.006123187736,0.08666580353,0.009116611135,0.1139913281,71425,NA,100123,3784630,847710,NA,96438,23174,24096,218758,327998,3988345,1793689,23014,87688,45293,34503,431415,402053,256893,1965090,2180870,15717,18838,30204,576420,NA,NA,27082,NA,25250,85726,41538,NA,19803,48291,86613,NA,NA,21265,26457,84371,178410,NA
LANMLR17B065,MT2,RIL,4805628,12090626,2.515930488,0.1023496374,0.9767056589,0.09525156407,1.459112,0.003820739491,0.03646068495,0.003555766506,0.05446904341,188994,NA,148491,3977764,490379,NA,9979,15198,20376,NA,145032,4199518,2159945,32409,76406,108040,14144,216665,258584,169275,2164078,2313349,15009,22266,73131,328216,NA,NA,19078,NA,21773,102223,64965,NA,31461,56087,77460,NA,NA,44783,40780,85407,177846,NA
LANMLR17B149,MT1,RIL,4947020,12704485,2.56810868,0.08230322501,1.875897689,0.08540219943,1.369158532,0.004538390719,0.1034413495,0.004709275356,0.07549857705,89463,NA,202325,3669142,986090,NA,16539,16652,27255,32830,379541,4217051,1622032,27279,61262,37242,17279,277015,616352,163824,2545152,2561283,13598,13209,12546,135674,1451,NA,8024,NA,34951,19616,23299,NA,7723,46269,13320,NA,NA,4938,48585,165770,NA,NA
B73_NAM,MT3,B73,4843103,12476117,2.576058572,0.16614036,2.200738555,0.1791082121,3.094899139,0.004997845756,0.06620276885,0.005387945578,0.09310096915,89227,NA,115902,3852860,785114,NA,42298,19256,26455,29049,255070,4426523,1804331,23751,58867,39829,20759,358705,372461,203181,2384225,2328926,17479,10394,13904,76935,NA,NA,13992,NA,13595,83695,49578,NA,44967,41827,82140,NA,NA,15870,25429,110925,253162,NA
LANMLR17B093,MT1,RIL,3162583,8166552,2.582241162,0.03318866206,0.6510314526,0.03952204897,0.8593688046,0.001176262365,0.02307365674,0.001400728318,0.03045748516,73848,15065,93315,2632916,347439,17569,18875,3097,5175,23932,60751,2721223,1614006,14164,48506,33050,3688,80192,165268,100840,1714699,1502186,3321,9961,26049,94970,4470,3315,3877,1438,2969,45431,37528,4961,18435,16430,23649,243851,439341,301599,4429,28202,66012,4499
B73_NAM,MT3,B73,4823623,12603590,2.612888694,0.1172062651,2.104474017,0.1322467768,3.108060189,0.004716816023,0.08469186143,0.005322102152,0.1250799015,170959,NA,149463,3713946,789255,NA,39734,17518,32475,83603,314541,4223234,1581367,26147,82483,39010,19766,464540,405670,227830,2492664,2460432,19508,7756,13645,314268,NA,NA,5105,NA,7883,46048,26005,NA,31604,24154,51949,NA,NA,12465,14957,72603,191926,NA
LANMLR17B011,MT2,RIL,2618293,6858877,2.619598723,0.02723217921,0.5845961766,0.08253793054,0.9967791841,0.001373763043,0.02949072185,0.004163734299,0.05028383496,88190,22644,110531,2191062,205866,2735,23926,3010,5091,30207,64616,2480346,1388314,17555,46663,68943,9123,110175,130311,127192,1306777,997296,5107,3594,37896,99718,4693,28978,8294,25840,17203,121491,103562,26042,77764,42978,59892,540665,940157,654898,17352,70780,175170,4574
LANMLR17B043,MT1,RIL,4884656,13035229,2.66860737,0.3599068755,2.71106611,0.1666046755,4.6248433,0.008248804088,0.06213566545,0.003818458112,0.1059980481,71386,NA,72591,3167247,1573432,NA,15894,26126,34813,34561,196799,3932783,2434311,46300,45472,39490,12094,335722,348922,333055,1986660,3131547,12740,10912,8467,238924,3208,NA,1450,NA,13010,12605,5362,NA,4719,10164,4071,NA,NA,1432,9619,13599,NA,NA
LANMLR17B059,MT2,RIL,3083710,8813347,2.858033667,0.05,1.197366819,0.06181126332,1.779847793,0.001298499038,0.03109559325,0.001605237319,0.04622261294,131879,14338,65700,2529844,341949,11786,25888,3285,17333,21738,78667,NA,2042401,20951,64685,70212,4061,116936,196618,146922,2147274,3805514,12129,19078,NA,131684,16162,NA,3323,NA,8437,31133,NA,NA,NA,13823,27656,259151,416522,258526,9726,36668,82736,NA
LANMLR17B086,MT3,RIL,4356506,12548001,2.880290076,0.1874786262,2.626642728,0.1981044506,4.415604084,0.004914656273,0.06885609534,0.005193206824,0.1157528021,77068,NA,81876,3123311,1074251,NA,29943,15350,25928,160582,215059,4151839,2327966,27702,72657,43742,16220,361532,272567,270315,1907100,2560375,16572,13555,18776,322657,NA,NA,9262,NA,20576,115330,122290,NA,189252,51271,90329,NA,NA,27391,22031,87005,195027,NA
LANMLR17B094,MT3,RIL,3245598,9413284,2.900323453,0.06883757815,1.304692313,0.07139367419,1.404507509,0.003914370232,0.0741898377,0.004059719713,0.0798657148,122551,10926,141231,2483669,487221,4890,33439,9722,21566,22237,184263,3257030,1369823,15149,52240,17443,10083,198360,358913,164352,1863345,1812695,4767,2285,10682,139566,1527,472,364,367,486,699,335,242,504,550,512,2158,3722,1576,273,233,1124,58
LANMLR17B028,MT1,RIL,3607362,10639322,2.94933583,0.2189756706,2.434587775,0.1908420736,3.641495444,0.01128478904,0.125465123,0.009834939816,0.1876624366,161760,18395,93056,1805705,1528446,4188,28796,20377,24687,32921,226553,1882575,1876937,59637,81929,59909,17759,338863,340057,557510,1719013,3322033,16127,17305,NA,125206,12871,NA,61146,NA,10191,19507,NA,NA,NA,19978,19074,78717,141578,137839,15119,35084,44043,NA
LANMLR17B129,MT3,RIL,4352830,13020939,2.991373199,0.2392882497,2.721815101,0.246421783,4.362516317,0.006242259902,0.07100339145,0.006428350816,0.113804003,85147,NA,87334,3347826,832523,NA,86041,20898,19241,190311,237707,4289973,1909639,27154,80766,61662,21521,380996,333286,265572,2330941,2597804,22016,18622,34001,534787,3957,NA,2427,NA,17584,11770,9206,NA,10814,21973,7181,NA,NA,6391,31617,75556,NA,NA
LANMLR17B111,MT1,RIL,2802453,8452203,3.016001696,0.03942058645,0.6458030889,0.06379944361,0.622869568,0.002663403522,0.04363289277,0.004310531073,0.04208341759,67130,11084,156365,2314332,253542,22431,18591,6164,15133,550422,100981,1901185,1128784,17239,72550,14851,9976,97395,250329,43083,2494363,1621934,7934,16131,62727,126889,43074,4639,8769,5310,11275,13462,18528,9150,11638,14089,17112,148240,167176,120308,20752,18546,112601,4448
LANMLR17B032,MT1,RIL,4366269,13406544,3.070480541,0.1378306262,1.733561339,0.1614430021,3.766565723,0.004058190783,0.05104179559,0.004753417444,0.1109001876,93880,NA,94442,3207587,970360,NA,18710,13017,9045,23330,163721,4066171,2767265,38477,57748,62171,15247,355722,300503,385115,1952642,3005204,17021,16930,25592,221579,5484,NA,5781,NA,29387,27567,2540,NA,9614,22891,8405,NA,NA,2419,17477,39985,NA,NA
LANMLR17B095,MT3,RIL,4128960,12824227,3.10592183,0.5538953714,8.483218374,0.6479464467,14.87719363,0.01021999971,0.1565250295,0.01195534905,0.2745011468,83232,NA,54077,2930822,1060829,NA,75184,29953,34056,87711,458747,5255327,2596228,38422,75097,38071,35039,804514,405800,478050,2228183,58781,42154,13819,12973,863595,NA,NA,4838,NA,8279,72514,35743,NA,4532,27289,41997,NA,NA,13674,14148,47750,90842,NA
LANMLR17B026,MT1,RIL,4348140,13505143,3.10595864,0.07737233277,2.368803644,0.1832174538,3.854845361,0.002448283501,0.07495577128,0.005797528047,0.1219784121,58949,NA,104275,3295370,889546,NA,14546,8068,18340,21460,247007,4074869,1875678,26344,63883,37405,19105,401964,432114,285807,2708254,3159922,23861,19725,12130,141785,NA,NA,5634,NA,9273,23003,14986,NA,8032,13980,23176,NA,NA,6070,9056,29479,72659,NA
LANMLR17B075,MT1,RIL,2959979,9219859,3.114839328,0.2100235304,1.501799972,0.1379643223,2.607545804,0.004517288589,0.03230144672,0.002967403976,0.05608436771,79119,13048,49723,2311785,506304,1224,15603,10443,22472,25853,74674,2980859,1506710,30357,55459,32722,6860,129655,215953,175274,1850313,2055690,7487,9208,13043,202245,8484,948,5196,777,1740,14300,10449,1174,2976,7278,9016,83824,129280,81827,1903,12105,25151,1468
LANMLR17B107,MT3,RIL,4106887,12952226,3.153781928,0.1589399857,3.47259316,0.2153490733,4.316046288,0.004981430841,0.1088365687,0.006749380974,0.1352717253,142556,NA,96527,3079838,787966,NA,37774,15342,31991,115734,335199,4405272,1871610,31828,77735,32963,20787,416615,395296,227870,2296312,2567897,19360,10429,12745,385183,NA,NA,7523,NA,19701,80221,58040,NA,109496,36940,83107,NA,NA,15386,23784,78094,225078,NA
LANMLR17B037,MT1,RIL,2512843,7958724,3.167218963,0.03578436484,0.6104670452,0.05321680111,1.544092973,0.001926449928,0.03286447029,0.002864924476,0.08312618681,167460,38177,105493,1959563,242150,5732,33360,3775,5724,145513,64400,2876065,1387381,20050,73941,72355,5614,162891,133717,149647,1550606,1182803,6354,4100,74696,136890,18945,29974,21026,22814,7316,59502,48357,20024,58621,28201,40071,427475,584182,340382,18524,53917,117229,8228
LANMLR17B103,MT2,RIL,2491504,8135426,3.265267084,0.08826338668,2.704742598,0.1251535058,1.06839048,0.005418332223,0.1660393344,0.007682950981,0.06558659011,75383,7885,102602,1671363,634271,893,15965,9056,12152,16086,277512,2686975,1253430,22686,33710,25356,12841,109619,399366,140317,1326484,1772524,6852,8454,5148,156032,4205,666,3509,734,11556,94798,60149,6032,7519,28800,91578,494188,646258,283950,16602,63914,199232,11507
LANMLR17B125,MT1,RIL,4084000,13385873,3.277637855,0.1888790085,3.724170511,0.210581893,3.701884066,0.004412361363,0.08699953585,0.004919357718,0.08647890707,146128,NA,71972,3080890,785010,NA,52705,13594,27786,23010,268036,4978405,2259700,26156,68678,48003,15156,266432,340908,189876,2197725,2508464,14871,11127,18253,404071,7654,NA,5401,NA,47689,20956,7452,NA,8164,53768,13419,NA,NA,5178,33014,82640,NA,NA
LANMLR17B109,MT1,RIL,4079730,13409643,3.286894721,0.1344443331,2.020761669,0.1349786817,2.250041746,0.003911295181,0.05878860934,0.003926840611,0.06545889464,93599,NA,89829,3087724,808578,NA,25810,12077,15764,23710,181523,4554819,3230713,36675,42925,42973,12125,202119,215344,227718,1878045,2618047,13722,13284,18549,153752,3828,NA,6186,NA,101699,103599,9848,NA,15444,43828,8086,NA,NA,7565,27923,63243,NA,NA
B73_NAM,MT1,B73,2772873,9166479,3.305769503,0.0560351512,0.9005427759,0.0773714138,1.624812613,0.002030011016,0.03262437446,0.002802969547,0.05886282865,217530,45030,77380,2135949,296984,15891,14337,4336,8275,320464,69684,3031269,2191281,34708,93276,97178,5987,125728,187737,170345,2590003,123980,11603,7407,62990,161663,7873,2851,6153,3505,5290,10070,6485,3398,3366,5161,3553,43036,60835,59265,8323,3307,12798,2422
B73_NAM,MT3,B73,3990901,13330555,3.340236954,0.2648445138,3.358136209,0.2787222555,4.289360398,0.005669641909,0.07188908507,0.005966728771,0.09182420705,53817,NA,68527,3201084,667473,NA,52262,18149,25663,212899,230123,4657502,1810804,15501,45917,26131,19100,293937,371037,145400,2925172,2397591,13563,11877,16192,487169,NA,NA,6984,NA,11008,20067,15482,NA,35228,17819,30357,NA,NA,17321,12250,37356,130569,NA
LANMLR17B062,MT3,RIL,3991390,13376228,3.35127061,0.1994806056,3.965587358,0.2335064648,4.360028732,0.006176108918,0.1227783492,0.00722958182,0.1349906286,67490,NA,90490,2922714,910696,NA,23170,18051,31635,93898,358846,4384163,1616671,18740,70820,27226,21130,394539,506795,212793,2832443,2702173,13157,8137,11040,609121,763,NA,5169,NA,17117,11762,26721,NA,5431,24642,6415,NA,NA,2938,29130,94181,NA,NA
LANMLR17B112,MT2,RIL,3874845,13027895,3.362171906,0.3746480181,4.03580159,0.6182195129,3.459897268,0.008381381047,0.0902863203,0.01383040363,0.0774025645,100381,NA,64634,2889142,820688,NA,78902,24215,14428,25383,260850,3912144,2181057,29632,70953,76686,39958,223627,383586,265820,2445537,2832687,18977,34138,33805,232279,NA,NA,91444,NA,15039,69290,53468,NA,15291,32078,64948,NA,NA,34894,23137,73519,194551,NA
LANMLR17B027,MT2,RIL,2535837,8582420,3.38445255,0.04108327578,0.6986772985,0.04122977753,0.9959607375,0.001886212297,0.03207762009,0.001892938475,0.04572647519,148613,29002,95562,2081420,181240,3532,30111,3926,7649,28594,66767,2805882,1488825,24466,48573,105819,3940,95176,166351,102965,1876708,1657830,3523,23027,38756,106317,24110,2664,21205,2796,20973,47339,27681,5049,11158,29072,34031,286225,438384,231517,21331,36603,83293,3076
LANMLR17B116,MT1,RIL,3961860,13561443,3.422999046,0.2642095138,3.772385449,0.237692375,6.201031829,0.004253228632,0.06072763078,0.003826357349,0.09982383202,152367,NA,45744,2841606,922143,NA,25367,12086,16503,30048,172564,4563947,1960185,31132,57435,33061,10873,283660,322445,195498,2726885,3042114,18241,14953,10149,411853,NA,NA,9000,NA,11068,29689,16368,NA,8135,16686,23904,NA,NA,8182,10568,31479,73140,NA
LANMLR17B024,MT3,RIL,3904278,13389773,3.429513216,0.3845739295,4.681810759,0.3021034066,7.379380736,0.00971101193,0.1182220547,0.00762851967,0.1863393456,74506,NA,61234,2424979,1343559,NA,26466,23549,32508,82559,286686,4283318,2299463,31524,61966,49253,18499,451869,326816,324438,1975091,2996632,19500,12139,10500,600580,NA,NA,4980,NA,6112,44279,33465,NA,29440,20217,30646,NA,NA,14984,10225,41144,92936,NA
LANMLR17B012,MT1,RIL,2120884,7325445,3.453958349,0.2776312684,1.254543216,0.2097934389,1.178896494,0.01647796827,0.07445963641,0.01245165809,0.06996985292,138665,29755,97453,1641950,213061,7542,32601,27056,7606,233644,122259,2419256,1974011,30742,105610,190784,20445,114887,235678,251813,1394103,62700,19794,33661,41253,117352,60964,13284,27583,13744,38591,108745,129948,56218,16915,54836,112982,466857,695016,569782,39050,92707,261443,19160
LANMLR17B135,MT3,RIL,3862087,13391318,3.467378648,0.3061326077,3.846469105,0.2840479193,5.477749386,0.006447185148,0.08100704683,0.005982079271,0.1153619824,60677,NA,60268,2861714,879428,NA,26787,18450,25037,200174,231819,5063808,2199290,25525,61662,45886,17119,330133,263896,189587,2366371,2245412,16624,15781,18438,284702,NA,NA,9918,NA,14318,75959,49038,NA,28821,38021,70737,NA,NA,25836,23752,65467,161156,NA
LANMLR17B033,MT1,RIL,3900097,13740731,3.523176731,0.1547056748,2.02364135,0.1075777366,2.05232173,0.009116387793,0.119247722,0.006339265618,0.1209377794,176178,NA,161539,2741327,821053,NA,21011,24991,22390,40160,326897,4035479,3301833,31011,100085,89098,17378,331530,284736,428309,1388233,3220969,21276,4448,13599,526257,1093,NA,2513,NA,15220,16181,3430,NA,4501,8562,8828,NA,NA,2391,6747,11794,NA,NA
LANMLR17B111,MT3,RIL,2493318,8821988,3.538252241,0.04790970863,1.257249798,0.09259472533,1.581112519,0.002087940437,0.05479187349,0.004035346422,0.06890604971,84488,8015,86830,1992394,321591,7377,20031,4160,15413,22671,109167,3237986,1360923,17202,34705,25195,8040,137288,220429,111876,1817224,1650764,10891,3415,7231,78860,5937,17368,7805,11819,10208,36997,29525,13053,26945,23371,39883,340901,404725,169811,14478,47636,151870,6674
LANMLR17B055,MT3,RIL,3669013,13222060,3.603710317,0.3023743433,1.605552842,0.183121076,2.502501817,0.01735382983,0.09214568438,0.01050966149,0.1436232658,124913,NA,167878,2925118,451104,NA,25229,50762,19057,527003,269537,4324525,1667422,22550,98207,145472,30742,420115,426949,216719,2756931,2013550,30771,24217,71354,309141,17848,NA,5246,NA,53271,21740,25159,NA,24249,63137,13096,NA,NA,4431,71995,187902,NA,NA
LANMLR17B054,MT2,RIL,2491299,9194870,3.690793437,0.06133692458,0.7635802004,0.07785542078,0.9599186318,0.003044781143,0.03790432291,0.003864763659,0.04765061452,63002,12737,106184,2139070,170306,3024,11670,6513,19525,18768,81080,2785169,1415086,19538,41738,24043,8267,101928,237521,96682,2545283,1720418,4648,20472,33497,49482,24657,2365,4224,2058,2998,8593,9435,5693,24740,3239,23825,183002,228732,148204,3787,26516,91673,2897
LANMLR17B007,MT2,RIL,3744094,13911820,3.7156706,0.2926438432,3.792518653,0.2893555225,7.352417834,0.006101149203,0.0790678591,0.006032593055,0.1532859797,124474,NA,59909,2873557,686154,NA,26855,17532,26653,41877,227206,5080057,2078164,26126,73598,36791,17335,440476,322264,246346,2607938,2564467,19875,10962,11758,104532,NA,NA,3647,NA,65975,37518,16334,NA,8869,41541,13231,NA,NA,7749,63208,124584,NA,NA
LANMLR17B109,MT3,RIL,2484228,9452724,3.805095184,0.2222000911,3.159941953,0.1980992488,3.680514455,0.004667400636,0.06637582826,0.00416115293,0.07731065917,71602,7087,35144,1673094,697301,2933,23698,7809,14990,46287,111053,3208288,2151179,33815,25767,28421,6962,129348,110726,194942,1228653,2098843,7261,13411,8338,240683,3360,1125,1018,1277,1290,29834,38576,1164,6139,5352,9339,81905,201032,207161,674,5957,17079,967
LANMLR17B123,MT3,RIL,3505634,13341425,3.805709609,0.2275128774,4.5950498,0.2204868579,3.990415054,0.007347933018,0.1484053058,0.007121015224,0.1288775513,99686,NA,90663,2807184,508101,NA,27388,20627,27330,154669,416601,4804600,1449642,22866,72812,35565,19990,361783,465551,148732,2815099,2374340,14979,12164,17012,455331,NA,NA,4871,NA,65682,30295,42556,NA,6453,106269,13837,NA,NA,8165,122026,419216,NA,NA
LANMLR17B026,MT3,RIL,2644685,10076382,3.810049968,0.01961569255,1.032920163,0.07771649418,1.041193449,0.001848049281,0.09731429875,0.007321888372,0.09809374811,99210,11733,202338,2147670,183734,4405,26141,3969,29289,34398,208999,2183866,1130748,21988,83326,22356,15725,210673,493692,104507,2136196,3313647,11518,15838,NA,234188,9244,NA,126556,NA,9619,19474,NA,NA,NA,12754,23824,226539,206018,72042,8644,64477,124184,NA
LANMLR17B074,MT3,RIL,3623685,13907747,3.838012134,0.2546647362,4.125961451,0.2798298796,4.664102796,0.01139327213,0.1845885783,0.01251911833,0.2086641173,82490,NA,110510,2470142,960543,NA,28440,28143,35764,60512,455960,4293738,2277139,33241,78874,46427,30924,515430,547084,364805,2190969,2843872,19126,8914,8383,406438,NA,NA,3932,NA,20419,46464,20592,NA,11804,32527,51257,NA,NA,8814,19901,27676,53885,NA
B73_NAM,MT2,B73,3612006,13975191,3.869094071,0.436531854,6.273374666,0.3186939747,8.753939766,0.009608255106,0.1380796925,0.007014592363,0.1926780043,115715,NA,52097,2366923,1077271,NA,15809,22742,38400,39962,326824,4366735,1938421,31091,64897,37709,16603,456054,496550,284984,2441976,3306074,20421,9940,1550,299891,NA,NA,3571,NA,8309,34013,21558,NA,23335,18090,39262,NA,NA,6885,9653,53962,139405,NA
LANMLR17B068,MT1,RIL,2468503,9676152,3.919846158,0.07952992018,1.587114698,0.1212241478,2.565639194,0.001910695764,0.03813021972,0.002912394043,0.06163914071,153761,23869,45354,1887794,357725,4794,19567,3607,13310,29093,71982,3295437,1885419,15777,53540,33604,5498,116362,150528,181525,1802104,1957986,12732,2987,20300,123366,11848,963,11982,874,9417,26175,17673,798,2094,13573,11927,86703,137224,86240,2954,14364,27956,1235
LANMLR17B119,MT1,RIL,3547112,14025251,3.953991585,0.1170362987,2.891909627,0.131406263,1.797624387,0.005235403665,0.1293642607,0.0058782176,0.08041342225,76212,NA,120390,2691292,659218,NA,19420,14090,20130,28333,348157,4650420,2409921,36418,52739,49974,15820,216416,519738,198094,2386930,2977862,11324,13672,19061,139083,3527,NA,10624,NA,68376,45407,10248,NA,11138,48738,24216,NA,NA,6030,37350,101480,NA,NA
LANMLR17B054,MT1,RIL,2567041,10170460,3.961939057,0.04562307348,0.970936559,0.06580327077,1.300534577,0.006661143637,0.14176046,0.009607529808,0.1898830342,229120,28539,252723,1730934,325725,38511,17422,11530,26307,124171,245378,3292650,1322174,19789,52457,24658,16630,328675,280178,171345,1846098,2304030,13338,20438,14681,56000,5682,524,549,468,990,1258,765,354,687,358,848,3280,5455,3279,518,580,1421,130
LANMLR17B002,MT2,RIL,3561638,14169956,3.978494165,0.5151913324,4.422245274,0.3942139235,10.4417243,0.009008119359,0.07732294928,0.006892829619,0.1825735273,74208,NA,43380,2480984,963066,NA,15427,22349,25362,29215,191837,4533988,2397569,43774,57611,37573,17101,452962,319892,356294,2572462,2975818,18266,8477,7213,124304,1291,NA,3351,NA,43820,32494,21157,NA,11822,39874,17747,NA,NA,6040,43835,113097,NA,NA
LANMLR17B090,MT3,RIL,3427299,13689673,3.994303678,0.3953639022,7.53416671,0.467303955,5.819178178,0.008926217394,0.1701005316,0.01055042372,0.13138086,44224,NA,57117,2529851,796107,NA,60827,22582,39510,86670,430329,4301071,1611949,23800,74112,30014,26691,332374,638710,192467,2694257,3055403,14113,14167,7961,757187,NA,NA,15593,NA,6410,19302,11099,NA,17804,10863,27154,NA,NA,8356,9908,30564,110861,NA
LANMLR17B074,MT1,RIL,2311195,9393653,4.064413864,0.02343496144,0.7783268214,0.05760863535,0.5674399068,0.003475315505,0.1154229025,0.008543141159,0.08414917648,159716,31668,252358,1701716,165737,17330,32768,5914,15285,91926,196417,3376922,1488253,23303,66702,95615,14538,143198,299749,133450,1753640,1579215,3458,4200,51770,123077,14941,2896,12319,3925,12485,30814,20746,3055,12238,16344,15757,224225,243439,109930,12336,25613,76048,3131
LANMLR17B039,MT1,RIL,2377044,9779383,4.114094228,0.07537984673,2.3208968,0.1148097439,1.312187423,0.004649272554,0.1431480994,0.007081226803,0.08093299781,102133,10484,105174,1705213,454040,1890,15990,7928,16305,28318,244098,3077477,1541085,22228,45903,32528,12075,138008,432390,179447,1752619,2211266,7592,8567,3669,151301,4920,1564,5619,694,5585,11112,8826,1004,6924,8308,14738,110937,157017,78249,5903,15884,55726,1045
LANMLR17B129,MT1,RIL,3340043,13860077,4.149670229,0.2014126763,1.958257542,0.2921263377,3.343955966,0.006215610835,0.06043197985,0.009015041472,0.1031947409,114469,NA,84662,2743415,397497,NA,67222,17052,5966,32743,165790,4260822,2593636,40190,87224,134288,24732,283106,303699,297881,2297870,2997690,23213,36206,59637,451901,NA,NA,17713,NA,13548,26429,19294,NA,5601,23563,24472,NA,NA,10283,27322,30931,51046,NA
LANMLR17B099,MT2,RIL,3123499,13026141,4.170368231,0.1278110088,1.374589735,0.2726964295,2.033986562,0.006808686861,0.07322648618,0.01452695362,0.1083535582,134863,NA,135583,2545131,307922,NA,47819,17329,7623,NA,186371,4265826,2700272,39214,85073,154005,36973,275774,242636,243721,2189406,2328374,7817,29904,65516,233956,NA,NA,48539,NA,35129,122244,105901,NA,57675,78942,102596,NA,NA,77564,75075,127406,267165,NA
LANMLR17B007,MT1,RIL,2377877,9957960,4.187752352,0.1814856532,1.241090609,0.1107679088,2.422773668,0.008684263752,0.05938738406,0.005300351393,0.1159320595,216230,19285,86117,1799692,256553,13999,19015,15629,23872,49363,106879,3446558,1337488,17166,61326,28144,9539,208642,258086,170639,2160888,2006352,8814,3976,11585,141168,6256,1297,5333,483,1558,13032,7179,830,1497,7545,7807,76629,91620,43602,1495,13385,23336,798
B73_NAM,MT2,B73,2279113,9625698,4.223440435,0.06669331628,1.737048289,0.168084426,2.923696834,0.002298451535,0.05986388935,0.005792693007,0.1007593542,82416,12976,62540,1814700,306481,13771,10625,4171,17767,20119,108635,3254036,1656967,30018,45404,75375,10512,182848,217677,229555,1705255,1998529,1925,21263,21246,74104,11064,1578,1583,1931,8826,23617,11867,2178,5843,14560,22339,157267,228375,159636,9322,23552,58063,3581
LANMLR17B047,MT2,RIL,2960298,12540042,4.236074206,0.2365796776,1.820305742,0.3275686673,1.293278247,0.01421715999,0.1093905369,0.0196851065,0.07771903289,121119,NA,144501,2404559,290119,NA,123434,34186,8576,NA,263036,4541357,2199506,32236,71107,90301,47334,186880,298712,120926,2373963,1942854,19279,32678,66366,164868,NA,NA,109188,NA,155179,168603,92210,NA,90894,190453,194663,NA,NA,64834,88071,190374,446663,NA
LANMLR17B046,MT1,RIL,2288693,9758160,4.263638679,0.06541949745,1.487549979,0.04533042941,1.212349251,0.002299858066,0.05229562976,0.001593615937,0.04262079826,188770,20002,61526,1750108,268287,2926,31419,4025,13942,183160,91523,3199819,1901285,31706,43715,83151,2789,74591,199379,123883,1689579,2035444,2974,7925,34925,172332,21458,2025,11453,1413,11938,25523,22175,3592,1896,12679,17070,74162,125236,94525,5470,3262,29532,857
LANMLR17B121,MT2,RIL,3259580,13980890,4.289169157,0.02415064762,1.256071392,0.1165450247,1.992752878,0.001487882603,0.07738454067,0.007180151749,0.1227703036,162139,NA,155648,2526409,415384,NA,24765,3759,20388,NA,195505,5100828,2668276,37747,73238,105379,18140,310168,265541,218680,2365795,2428270,20140,25722,49603,92313,NA,NA,25514,NA,24002,74996,72891,NA,83157,33950,53902,NA,NA,41921,26865,53555,126411,NA
LANMLR17B067,MT3,RIL,3302193,14183572,4.295197767,0.1397740491,3.293965244,0.2053650111,3.646850435,0.005991210926,0.1411910199,0.008802671927,0.1563169294,130584,NA,113476,2647378,410755,NA,68916,15861,30363,134543,373786,4662270,1805243,24017,87877,40521,23304,413830,539809,215101,2888459,2773261,17594,9617,20060,442348,NA,NA,3564,NA,19633,11705,13741,NA,7276,31416,6339,NA,NA,4668,33684,109913,NA,NA
LANMLR17B047,MT3,RIL,3259188,14082733,4.320933005,0.2492368931,3.6257992,0.6394629378,3.222600338,0.009181634452,0.1335707665,0.0235571663,0.1187173292,60835,NA,96972,2632320,469061,NA,142069,24169,19609,42033,351601,5267372,2330416,26807,67646,46695,62010,312502,345473,194886,2493341,2259949,17711,15241,21175,44327,NA,NA,47530,NA,30937,46361,26962,NA,33869,38503,52778,NA,NA,11371,25038,55817,152316,NA
LANMLR17B090,MT1,RIL,2274692,10139140,4.457368294,0.08433535462,1.629338356,0.07512572694,1.111984933,0.002274900672,0.04395052272,0.002026475936,0.0299951934,30419,4008,48319,1791287,400659,15844,10788,4075,11510,83815,78728,2914961,1639369,12189,30005,6456,3630,53730,217232,28480,2825361,2192616,2985,3062,4304,99894,4550,2680,2412,2975,1464,6522,4484,1615,5444,3107,4091,45966,76366,57175,2038,4625,19981,1308
LANMLR17B058,MT3,RIL,2398842,10954985,4.566780555,0.03613926092,1.028067763,0.1039534213,1.179312862,0.002164062135,0.06156192633,0.006224855102,0.07061866359,92132,16376,117822,1967596,204916,13843,95290,4258,10881,35019,121129,NA,2569761,16773,78936,36511,12248,138949,289925,176642,2769217,4557690,10433,8156,NA,291173,20140,NA,3908,NA,7715,9452,NA,NA,NA,8291,12093,72571,122040,105848,5533,13849,45705,NA
LANMLR17B067,MT1,RIL,2202165,10065424,4.570694748,0.2404285447,3.102674397,0.2256539047,3.599775575,0.005697679204,0.07352722369,0.005347549567,0.08530753475,77086,9562,37429,1579415,498673,1601,15139,8999,15663,17535,116130,3279195,1883020,24906,36939,25804,8446,134736,241621,200805,1643712,2380723,11007,9701,9742,208797,8519,1065,1820,714,1529,15144,12239,1573,1301,5788,8025,60510,106531,70906,1509,7206,17829,1553
LANMLR17B151,MT1,RIL,3036771,14466290,4.763707899,0.152103523,1.831365341,0.1249480735,1.330252832,0.01100196092,0.1324664249,0.00903775135,0.09621992561,102656,NA,175729,2429476,328910,NA,30904,26729,19843,36209,321824,4645481,2627760,47786,63144,82386,21957,233764,600722,222361,2453927,2900722,20451,23050,34177,314030,NA,NA,12535,NA,11059,20855,14376,NA,4347,15584,22335,NA,NA,9582,13889,19594,53791,NA
LANMLR17B090,MT2,RIL,2976079,14624126,4.913890391,0.08926152955,1.838183142,0.1094201367,1.670596616,0.004925757235,0.101437248,0.006038178291,0.09218924896,226836,NA,127737,2314771,306735,NA,25790,11402,19734,NA,234804,4947302,2322613,29621,69103,74523,13977,213397,402659,140887,2973976,3029396,16863,22962,23744,194536,5728,NA,11676,NA,29994,19030,13453,NA,15792,30583,11638,NA,NA,2885,30098,85573,NA,NA
LANMLR17B032,MT3,RIL,2959275,14595544,4.932135067,0.1806235198,3.305299826,0.3059356943,4.278077281,0.008212533667,0.150284338,0.0139101884,0.1945142789,78107,NA,108513,2386596,386059,NA,89486,19600,24568,258334,358668,5008761,2461733,26684,82049,57979,33198,464227,463590,320932,2278062,2515957,22233,14187,38085,511426,NA,NA,6608,NA,5025,8695,6314,NA,3274,8083,11479,NA,NA,4561,8310,12366,29170,NA
LANMLR17B108,MT2,RIL,2723376,13811966,5.071633884,0.1307226498,2.653284938,0.2989457557,5.356965673,0.003878303417,0.07871814144,0.008869177201,0.1589314346,161474,NA,54826,1847973,659103,NA,30342,7167,5750,42848,145469,3859748,3838758,35469,89432,143986,16390,293701,164479,574890,1371477,2969180,21401,23990,48661,218075,4225,NA,10920,NA,212220,330014,12469,NA,18723,92013,52543,NA,NA,17140,53752,122550,NA,NA
LANMLR17B056,MT1,RIL,2705885,13868845,5.125437703,0.2398319984,3.496727877,0.643582731,3.230660285,0.01213364703,0.1769074272,0.03256031614,0.1634464618,70262,NA,102380,2023629,509614,NA,155492,24554,17014,42933,357995,4479055,2711599,26234,80967,78733,65890,330755,372540,316151,2257647,2409455,16596,18994,37315,93053,NA,NA,64896,NA,30732,169459,142140,NA,25294,73754,124138,NA,NA,51783,44473,107012,234243,NA
LANMLR17B058,MT1,RIL,2707650,13929194,5.144384983,0.3248569834,3.876543533,0.9812683131,2.356669457,0.01664590323,0.1986368519,0.05028088733,0.1207574217,90230,NA,114672,2237908,264840,NA,271487,37252,4927,154292,444531,4339225,2121526,20235,91430,85252,112524,270244,322598,216003,2648437,2609049,19420,31323,63498,189271,NA,NA,110049,NA,36103,52008,34983,NA,16335,42451,54296,NA,NA,14289,31991,57444,116428,NA
LANMLR17B152,MT3,RIL,2777472,14423105,5.192889433,0.6264077845,10.72556086,0.9063879629,10.80919452,0.013251559,0.2268975675,0.01917449601,0.2286668245,46399,NA,44396,2098621,588056,NA,99072,27810,43905,56445,476172,4347209,1945172,31264,77345,34595,40240,479885,711270,302735,2580893,3043326,20385,13261,9541,650176,NA,NA,19523,NA,4694,11814,11504,NA,28479,8793,25299,NA,NA,8204,9120,32490,141015,NA
LANMLR17B114,MT3,RIL,2839514,14778363,5.20453958,0.242229209,2.770347081,0.2376548918,5.23245176,0.008434145108,0.09646032934,0.008274872593,0.1821880094,84731,NA,81105,2329341,344337,NA,52823,19646,24899,42940,224689,4674384,2096819,25350,101482,46526,19275,424378,482376,276428,3087711,3091119,17276,8299,20270,372718,NA,NA,1681,NA,6884,13747,15899,NA,34628,11260,15719,NA,NA,11130,9788,22320,58559,NA
LANMLR17B028,MT2,RIL,2777379,14495304,5.219058688,0.09754937877,1.916067782,0.1806787535,2.798486289,0.005821046653,0.1143371705,0.01078161098,0.1669935724,129913,NA,128294,2149957,369215,NA,21535,12515,7092,38849,245820,4738558,3094370,47070,79943,85275,23180,359029,311049,368448,2099830,2788081,21635,28920,41624,140330,1765,NA,5084,NA,88540,85934,24150,NA,21552,71192,28615,NA,NA,13861,50769,93533,NA,NA
LANMLR17B056,MT3,RIL,2429757,12887035,5.303836968,0.4384542206,1.826273841,0.2286358996,2.224012715,0.04490551757,0.1870429527,0.0234163863,0.227778494,117059,NA,172392,1683223,457083,NA,49557,75586,37339,261401,314835,3891427,2365902,41223,119135,284831,39415,383402,434773,359285,1971992,1990333,10890,46446,130773,430378,NA,NA,31076,NA,94097,173324,128503,NA,50792,139046,189589,NA,NA,61354,74898,195774,459457,NA
LANMLR17B026,MT2,RIL,2680117,14369257,5.361428997,0.0291297774,1.930527273,0.2417780264,4.144774906,0.001555816855,0.1031091597,0.01291332658,0.2213717795,98392,NA,114419,2142283,325023,NA,18968,3333,15366,19619,220889,4365589,2012741,30338,74117,52749,27664,474241,420492,306780,3262827,2878515,42395,35083,32004,262125,4797,NA,10939,NA,45881,54244,13374,NA,16610,82964,23178,NA,NA,33876,104247,155081,NA,NA
LANMLR17B002,MT3,RIL,2731079,14730618,5.393698974,0.7817831325,8.561831325,0.6873574297,16.70412851,0.01423374508,0.1558832872,0.0125145581,0.3041282131,46461,NA,31125,1709529,943964,NA,14951,24333,32038,53153,266487,4363180,2523041,45049,55906,49085,21394,519916,348906,448150,2271593,3564968,19552,13738,6295,480347,NA,NA,3456,NA,9035,31347,25229,NA,17571,18697,39553,NA,NA,12445,10279,38870,98515,NA
LANMLR17B072,MT1,RIL,2584983,14130418,5.466348521,0.1844230811,2.553532627,0.5471016878,2.5977371,0.008156682072,0.1129378908,0.02419726697,0.1148929705,105075,NA,91122,2060274,328512,NA,150677,16805,7069,230602,232683,4337433,2588115,45256,109972,148244,49853,236711,270976,233118,2303834,2970471,19564,32937,77266,209308,NA,NA,73272,NA,23390,91231,69265,NA,12275,44456,57717,NA,NA,21428,34645,62726,125825,NA
LANMLR17B048,MT3,RIL,2629439,14504955,5.516368701,0.4997258297,9.124011544,0.4886724387,6.358412698,0.01855995421,0.3388682882,0.01814942824,0.2361531894,68168,NA,69300,1865899,626072,NA,39345,34631,30895,60765,632294,4433379,2220296,50932,67790,46120,33865,440638,580579,312308,2136323,3223782,21839,15863,7225,455529,NA,NA,2915,NA,12626,80280,53620,NA,16515,35689,84341,NA,NA,13233,21978,79648,219032,NA
LANMLR17B095,MT1,RIL,1610442,9344029,5.802151832,0.05393733484,1.298195545,0.06144205361,1.903435259,0.002772344851,0.06672642886,0.003158082643,0.0978353668,92157,13567,66225,1288440,150053,16404,24746,3572,11303,175549,85973,3258372,1581456,20744,36595,26488,4069,126055,192443,129320,2031394,1599947,4606,4799,10194,155154,19795,1824,10359,1456,12040,74547,42494,2060,5486,28640,33766,362880,537307,277154,13953,43630,84419,2369
LANMLR17B149,MT2,RIL,2455386,14251038,5.8039909,0.2303080201,3.225397133,0.5820612166,1.71845215,0.01222801701,0.1712498374,0.03090406687,0.0912398192,77241,NA,103240,1944469,330436,NA,107623,23777,17926,36769,332990,4399737,2459936,25279,52930,38267,60092,177413,469278,140680,3155935,2638849,11962,16831,31658,190205,NA,NA,61183,NA,54118,47384,49838,NA,13569,72752,70726,NA,NA,28633,47227,67501,112247,NA
LANMLR17B103,MT1,RIL,564031,3278539,5.812692919,1.626212522,3.731635802,1.53994709,2.214065256,0.2231489212,0.5120551542,0.2113115766,0.3038140874,40578,43041,45360,330564,104488,24637,NA,73765,56229,105502,169267,1022270,248539,40143,83184,78402,69852,100430,122603,86952,509396,318101,71591,34056,63620,89126,46664,45505,106517,38259,119704,254915,311000,45650,72895,148254,349693,1538477,2636106,1407614,216077,206512,493310,105067
LANMLR17B039,MT2,RIL,1887849,11310034,5.99096326,0.02190638102,1.245868691,0.1361855091,0.9848074457,0.002040760175,0.1160629502,0.01268680405,0.09174294072,85602,14828,138818,1490131,158470,8748,22720,3041,13208,42857,172949,NA,2192477,28187,77920,66007,18905,136709,470784,176167,2810743,5015439,10886,17849,NA,212973,9429,NA,4381,NA,7917,15710,NA,NA,NA,11936,20234,116500,178486,94024,7714,25429,61757,NA
LANMLR17B110,MT1,RIL,1672584,10356767,6.192075854,0.07909654787,0.9518277493,0.09272204993,2.271518633,0.004978778387,0.05991335341,0.00583644357,0.1429820666,143567,48105,78676,1249905,152331,21551,42502,6223,18739,41678,74886,NA,2138366,38850,95585,102570,7295,178714,234699,254762,2513380,4536911,16634,23505,NA,294796,29936,NA,3649,NA,8731,26007,NA,NA,NA,14587,22827,192009,283719,190387,11576,37532,79270,NA
LANMLR17B115,MT1,RIL,1666035,10426036,6.257993379,0.05621414187,1.829932748,0.1190774725,2.089555074,0.002422250983,0.07885126855,0.005131013572,0.09003831888,138816,20743,52638,1221591,232247,10718,39768,2959,8210,120679,96324,3280772,2110918,27978,57665,74880,6268,109990,200451,160958,1999711,2047122,2450,9896,58319,151020,24194,4951,4563,2503,5496,17961,6545,2221,8394,5277,4945,66325,98294,83084,6078,5430,24358,2564
LANMLR17B132,MT1,RIL,1657092,10572817,6.380344,0.09157480107,1.738335052,0.3089063367,3.370343934,0.002604307633,0.04943673577,0.008785027336,0.09584964785,57553,15895,37827,1330104,215713,15153,14681,3464,16027,24663,65756,2924360,2145835,20398,43658,23384,11685,127490,203509,243039,2308165,2339348,12206,10350,19646,247745,18297,1472,2514,972,3119,4361,3587,1899,3103,3964,3822,34907,50498,49501,2989,3128,17694,1459
LANMLR17B067,MT2,RIL,2372259,15243785,6.425851899,0.3058752804,5.137739916,0.4275303881,8.624638935,0.0121972896,0.2048759924,0.01704849096,0.3439219364,153904,NA,68201,1710298,439856,NA,44121,20861,27565,31835,350399,4841932,2301956,26717,81800,48685,29158,588209,486925,415036,2593785,3261282,25736,12164,9285,209933,3514,NA,4206,NA,64389,22648,7043,NA,5747,86905,5689,NA,NA,5542,44236,88430,NA,NA
LANMLR17B072,MT3,RIL,2263590,14692071,6.490606073,1.08317815,12.84507552,1.169149597,18.44723774,0.01382235697,0.1639150671,0.01491943229,0.2354038485,47570,NA,19332,1514937,681751,NA,41807,20940,25133,103705,248321,4548345,2682100,43024,52411,48002,22602,356622,246416,282548,2025692,3857110,13920,27052,9360,629188,NA,NA,21615,NA,9865,122716,95234,NA,13076,37786,44235,NA,NA,20145,15957,53283,105651,NA
LANMLR17B077,MT1,RIL,2234742,14935268,6.683218018,0.1647407294,3.03244219,0.2256333982,4.816228723,0.0074333471,0.1368283086,0.01018091501,0.2173154139,154324,NA,78663,1743360,258395,NA,26046,12959,19377,56667,238541,5059105,2685474,32262,91075,74142,17749,378859,336252,330430,2446761,2970280,19634,26536,34103,320890,5184,NA,9124,NA,64422,55470,23156,NA,13601,65292,34560,NA,NA,9459,63534,150974,NA,NA
LANMLR17B075,MT2,RIL,2277837,15246456,6.693392021,0.3702905662,3.848551436,0.3015104322,6.006485472,0.009976267783,0.1036866267,0.008123212109,0.1618250989,118606,NA,46874,1739829,372528,NA,26156,17357,27084,46801,180397,5318366,3070174,49899,68574,77736,14133,281548,248523,212072,2680630,2820978,15736,16366,21565,182062,9063,NA,2913,NA,52346,52867,11082,NA,15908,42692,36811,NA,NA,3559,34059,79458,NA,NA
LANMLR17B147,MT1,RIL,2257086,15325233,6.789831225,0.07443507764,2.568002738,0.1896889114,3.978734961,0.005580976035,0.1925431153,0.01422245132,0.2983166696,148092,NA,134399,1792518,182077,NA,26019,10004,21533,100753,345137,5311051,1930785,32781,121752,88965,25494,534738,516356,291704,3005949,2857999,23777,17217,25355,392968,NA,NA,8543,NA,16719,8701,6318,NA,13568,20252,4071,NA,NA,3516,21138,51797,NA,NA
LANMLR17B107,MT1,RIL,1514966,10400198,6.864971227,0.3822917076,4.474682798,0.3464665907,5.938445221,0.008633844101,0.1010582048,0.007824753902,0.1341164593,66331,8433,25457,1127192,287553,1802,14080,9732,23882,24003,113912,3440285,1762694,22363,39520,27151,8820,151175,242973,214328,1901896,2380217,9350,8306,3709,82353,5756,10641,6906,8143,7213,18192,14253,7798,23643,10407,16057,171115,268564,138262,8334,20308,62726,933
LANMLR17B121,MT3,RIL,2158894,15230229,7.054644184,0.3453213862,9.179779878,0.6037191604,10.72419295,0.01045680374,0.2779762863,0.01828144165,0.324743226,55270,NA,48882,1614260,440482,NA,33853,16880,39181,78273,448726,4728105,2164207,25216,83808,35717,29511,524220,632142,322931,2809003,3177669,18652,10636,11145,528549,NA,NA,4581,NA,6280,22668,23349,NA,48625,15912,27039,NA,NA,10111,16407,31574,96830,NA
LANMLR17B135,MT2,RIL,1503796,10785474,7.172165639,0.07700517972,1.37623607,0.05432951394,1.760351593,0.006256876272,0.1118228519,0.004414417938,0.1430332629,150601,23771,95565,1176146,57713,7084,22861,7359,14586,29495,131520,4003787,1973570,26540,89274,108178,5192,168228,255118,205503,1851809,1818834,2863,19584,44089,44073,3838,1620,3104,1083,2542,14696,7143,1134,3663,2731,11692,68949,115371,52918,2450,2456,27002,1764
B73_NAM,MT3,B73,2089780,15248848,7.296867613,1.120834859,13.20589528,0.7610032955,20.38051996,0.02141420501,0.252306347,0.0145394127,0.3893817444,68066,NA,27310,1429425,564979,NA,19531,30610,40741,68214,360653,5019577,2372690,43560,51041,44960,20783,556592,293400,326202,2324303,3556706,17655,25761,1755,614270,NA,NA,2243,NA,3740,25558,33940,NA,26883,5627,38580,NA,NA,16306,3754,19254,117086,NA
LANMLR17B140,MT3,RIL,2079440,15339179,7.376591294,0.8372961957,9.921238111,0.6750594429,16.25823709,0.01198897161,0.1420589782,0.009665956367,0.2327964033,41742,NA,23552,1644845,369301,NA,28946,19720,32802,113231,233665,5183264,2142732,20977,83001,33531,15899,382914,376120,218168,3078193,3305536,16226,10662,10715,480878,NA,NA,4635,NA,5411,34567,17971,NA,21409,14738,24551,NA,NA,11300,11280,40458,91315,NA
LANMLR17B119,MT3,RIL,1338498,10010655,7.479021261,0.03191853568,1.603331184,0.1204449009,0.9973248621,0.00387968618,0.194884311,0.01464003306,0.1212244673,73167,11305,125601,1033331,95094,5454,37905,4009,16394,32545,201380,3803079,1468191,18168,55682,37040,15128,125265,400843,111006,2168285,1479056,3118,3015,25092,130782,4106,3793,9163,3401,30067,83306,33024,9720,14906,39395,76975,214410,355264,139175,16742,44319,113729,3100
LANMLR17B044,MT3,RIL,2050156,15585689,7.602196613,0.2368655038,3.583226549,0.2713329323,3.596563718,0.01110882169,0.1680507467,0.01272531928,0.1686762504,98157,NA,76478,1630686,244835,NA,31451,18115,23458,25861,274038,5785488,2416826,13432,56593,24810,20751,275058,413441,136649,3491573,2513181,11379,3523,12695,97059,NA,NA,5807,NA,13719,44615,24972,NA,17144,23426,51896,NA,NA,20907,18138,45400,114732,NA
LANMLR17B037,MT2,RIL,1896781,14905506,7.858316801,0.2082187691,2.402764472,0.2386628015,4.282580838,0.01244195711,0.1435753974,0.01426111755,0.255902421,294936,NA,80377,1345126,176342,NA,39756,16736,25206,47184,193127,5405256,2592272,27123,95479,99980,19183,344221,328858,276920,2761052,2451941,24685,22287,60333,289219,NA,NA,22156,NA,35089,63795,44649,NA,41047,63818,46177,NA,NA,35184,61285,94867,181848,NA
PT_MEXI5,MT1,PT,1342061,10937333,8.149654151,0.2471560465,6.612150688,0.3323922183,4.153161322,0.01456611959,0.389686512,0.01958950579,0.2447661927,74920,5366,48524,823349,389902,13140,8591,11993,15514,19217,320848,3650226,2426413,21176,28089,39257,16129,201528,242366,227841,1487312,2186008,13057,5894,2734,55874,1579,4922,3744,6030,5431,59438,58297,3467,8897,11499,16506,75157,125587,85206,4512,8130,13185,765
LANMLR17B106,MT2,RIL,1744386,14681651,8.416515037,0.87186607,10.24254596,2.773332614,18.33603817,0.02557955597,0.3005046151,0.08136641541,0.5379584444,95729,NA,37094,1264330,347233,NA,63646,32341,16300,38880,379937,4322718,3050756,22434,53411,41596,102874,680157,277119,929133,2039649,2445063,53175,31232,16788,347790,NA,NA,67408,NA,17879,80618,89684,NA,37394,70897,91304,NA,NA,42059,44859,115281,209001,NA
LANMLR17B152,MT2,RIL,1702930,14551200,8.544802194,0.2055721506,2.295496694,0.2264110877,3.834831604,0.01159174329,0.1294378072,0.01276680328,0.2162373813,175111,NA,70637,1252702,204480,NA,24721,14521,21819,40375,162147,4537941,2917802,31153,87772,104704,15993,270881,296185,301765,2503992,3043302,9193,19444,42704,188860,NA,NA,11461,NA,156303,94499,128537,NA,18481,184561,163412,NA,NA,53475,99720,184764,202379,NA
LANMLR17B013,MT2,RIL,1570769,14804023,9.424697712,0.2909270615,3.086231241,0.7293650153,3.334849524,0.02468558949,0.2618712646,0.06188769537,0.2829668919,121714,NA,99152,1168536,181367,NA,199772,28846,17820,NA,306006,5349308,2920693,25387,86035,83031,72318,330657,298980,264771,2572273,2057137,25822,24486,72849,267440,NA,NA,71781,NA,20983,55910,37413,NA,12548,37157,60772,NA,NA,19210,41694,58257,121224,NA
LANMLR17B115,MT3,RIL,1556490,14995882,9.634422322,1.554642257,8.276693977,1.489498546,6.980998639,0.04960442654,0.2640869027,0.04752586704,0.2227447715,59453,NA,37471,1174371,285195,NA,204937,58254,46852,305816,310136,4630940,2592178,7967,85759,60307,55813,261585,312985,199938,2723735,2953167,17938,29494,92941,531501,NA,NA,104260,NA,22328,30761,26691,NA,43508,36059,12784,NA,NA,27126,35759,27555,42826,NA
B73_NAM,MT3,B73,1610089,15524290,9.641883151,2.059848146,23.60977477,1.776558413,34.1438142,0.02659089037,0.3047821432,0.02293386047,0.4407676468,33624,NA,15673,1214100,346692,NA,30533,32284,45876,51588,370036,4692645,2236551,39221,81661,44700,27844,535136,538680,389980,2651516,3635147,17990,19154,7553,588554,NA,NA,27019,NA,7348,43549,25543,NA,21786,23998,50256,NA,NA,10416,15770,70696,179341,NA
LANMLR17B109,MT2,RIL,850837,8567443,10.06942928,0.1591505491,1.706992905,0.1099475168,1.529594713,0.01126091277,0.1207805962,0.00777948554,0.1082285467,86036,23750,41156,581658,118237,2637,33423,6550,4345,30783,70253,3001529,2164141,22950,51320,56118,4525,62952,127156,106657,1401643,1396911,3183,4653,15714,54517,31316,1486,6129,5137,19351,154783,132274,2506,6673,41557,58190,593725,1089836,792320,18397,48599,116193,5465
LANMLR17B144,MT3,RIL,1578214,16003511,10.14026678,1.130640061,15.85804641,1.010511781,21.76134693,0.02256221185,0.3164513758,0.02016502128,0.4342532489,38673,NA,22451,1125067,392023,NA,14117,25384,31178,61622,356029,4556130,2278173,40180,72699,52663,22687,488564,467493,380191,2884174,4180736,20109,13888,9205,545210,NA,NA,3858,NA,2561,13064,11557,NA,3604,7441,13600,NA,NA,8683,5703,15928,44603,NA
LANMLR17B055,MT1,RIL,1104325,11248882,10.18620605,0.4499096994,4.126243847,0.4024575941,5.389071851,0.01449382829,0.1329268293,0.01296516005,0.1736087978,52176,7383,28239,876580,139947,11463,15768,12705,24872,60561,116521,3552227,1626142,21490,36828,19754,11365,152182,364583,169711,2574672,2447063,10562,10723,9690,224349,8522,433,1366,518,2532,3472,8185,695,2686,6325,7179,42734,51714,41742,1793,7279,17253,1304
LANMLR17B144,MT1,RIL,987372,10162508,10.29248146,0.1304521745,1.532449038,0.103155301,1.556929822,0.01106043422,0.1299292393,0.00874605905,0.1320048512,72723,19405,62498,737132,95614,11530,24508,8153,10526,38050,95775,NA,2303576,35257,102054,150857,6447,97305,240424,181208,2226582,4572781,15789,29626,NA,119259,32175,NA,6569,NA,14797,57741,NA,NA,NA,15476,39301,238879,406137,321308,11365,43956,94975,NA
LANMLR17B106,MT3,RIL,1484938,15750604,10.60691019,0.6170319814,10.77149232,0.9738373365,12.74517653,0.02596641038,0.453294154,0.04098176543,0.5363522381,66221,NA,45714,1086288,286715,NA,71276,28207,47460,30823,492408,4813827,2567420,28217,51809,33757,44518,582633,702655,485156,2573296,3117113,25469,11539,5985,280288,NA,NA,7831,NA,17810,57758,49947,NA,55768,40808,86111,NA,NA,18607,25129,99382,222436,NA
LANMLR17B146,MT1,RIL,1005742,11445293,11.37994933,0.07856547602,5.211356648,0.4076266559,5.156958533,0.003551368849,0.2355672058,0.01842581094,0.2331082661,69551,8628,34799,769844,122920,5435,22248,2734,16067,23605,181350,3582687,2187841,18453,46694,28801,14185,179457,319312,229049,2056238,2506730,11031,8869,4507,82184,6132,1523,2306,1808,2802,8516,2465,1249,1396,6469,8462,51616,80603,51948,1578,8682,21264,1251
LANMLR17B048,MT2,RIL,1288020,15252420,11.84175712,0.151405943,2.75720776,0.2080058939,1.66947446,0.03539412763,0.6445517356,0.04862548331,0.390272607,288398,NA,162880,696754,139988,NA,55803,24661,21703,NA,449094,5231058,2716143,36442,149715,204666,33880,271924,636048,211476,2718997,2287230,6810,8366,92203,219289,NA,NA,29852,NA,35682,117388,78358,NA,6436,67606,159428,NA,NA,25895,57060,116191,303036,NA
LANMLR17B074,MT2,RIL,1357594,16174602,11.91416727,0.2366071429,4.234445067,0.3075952915,3.496967088,0.02495853091,0.4466709112,0.0324467237,0.3688779642,158365,NA,99904,947091,152234,NA,25278,23638,23202,46763,423038,5892134,2840324,26049,84715,73589,30730,349361,585388,248836,2898947,2475713,19227,13085,33023,179305,NA,NA,7449,NA,12916,42232,27471,NA,9828,26375,41404,NA,NA,11383,22583,41831,96762,NA
LANMLR17B102,MT2,RIL,928391,12853821,13.8452667,0.4678692221,4.832987599,0.3165050733,3.548906426,0.03738738739,0.3862036036,0.02529189189,0.2835927928,12428,17041,44350,555000,299572,16900,32716,20750,15249,36958,214343,8771,3147983,37608,45195,77447,14037,157394,186750,303071,2083934,6426428,6680,21607,NA,211967,6717,NA,110065,NA,93445,47875,NA,NA,NA,189503,67791,49236,52032,25735,156517,96100,82946,NA
LANMLR17B120,MT2,RIL,701004,10023958,14.29943053,0.3464169841,2.41095359,0.1844406827,3.253032868,0.02425659692,0.1688183089,0.01291479201,0.227781866,122199,24220,28356,404962,121267,3041,29458,9823,6301,NA,68365,2984359,3393505,27763,48719,106059,5230,92243,74750,180088,1237129,1717438,6364,7957,25366,58427,42697,3089,26154,7869,23878,78559,95595,3117,7037,33606,34899,199357,477698,525362,23850,26031,60317,4932
LANMLR17B102,MT1,RIL,1045459,16181385,15.47778057,1.140905391,10.27122783,0.8727214809,16.89342725,0.04816709802,0.4336338858,0.03684482645,0.7132119567,89010,NA,28253,669212,258984,NA,54519,32234,30100,47351,290193,4978672,4418821,22920,70161,68350,24657,477290,268502,612020,1627800,2995651,4701,8285,10673,301089,NA,NA,12333,NA,39791,153284,186550,NA,5549,63973,78845,NA,NA,27627,8052,34065,66871,NA
LANMLR17B108,MT3,RIL,993023,15829353,15.94057036,0.2646298727,6.807758399,0.3427686146,5.69521155,0.03198155476,0.8227442195,0.04142492723,0.6882885829,217656,NA,73907,611540,89920,NA,52642,19558,39851,42615,503141,5477904,1736540,17341,94611,30246,25333,420916,765016,178606,3614129,2748099,14340,7242,14687,247412,NA,NA,9239,NA,17179,85360,37173,NA,27796,43617,150965,NA,NA,13426,33052,160536,504924,NA
LANMLR17B125,MT2,RIL,993576,16146638,16.25103465,0.3833102493,4.634067694,0.4136945983,5.296290686,0.03350585671,0.4050724144,0.03616180877,0.462958549,276974,NA,46208,528624,141770,NA,70242,17712,11630,NA,214131,5770776,3861549,30534,113094,189308,19116,244731,267198,239617,2252285,2574995,22549,27121,95386,349669,13900,NA,6314,NA,61036,46432,3271,NA,28085,44101,8380,NA,NA,3950,28476,60328,NA,NA
LANMLR17B023,MT1,RIL,980366,16535148,16.86630095,0.5081317204,10.12110215,0.6360551075,9.868716398,0.01960202268,0.390438278,0.02453687921,0.3807020796,67089,NA,29760,771451,112066,NA,44395,15122,21015,30719,301204,5490731,2500605,32171,83249,62353,18929,293693,484656,259260,2997930,3788757,18587,25191,15521,373546,NA,NA,11158,NA,16656,21434,15813,NA,2316,15588,17552,NA,NA,4086,13654,15227,27576,NA
LANMLR17B151,MT2,RIL,912771,15554456,17.04091826,0.5128209775,4.629324248,0.9281481616,2.02082163,0.09363243833,0.8452363227,0.1694641587,0.3689678561,70913,NA,110366,604470,127022,NA,225199,56598,20393,NA,510920,4761861,2702940,33975,79265,97384,102436,223030,640982,181816,3197213,2445657,22743,52085,71546,213137,NA,NA,80544,NA,7860,49555,31300,NA,16620,35004,59131,NA,NA,19808,34356,67559,173621,NA
PT_MEXI5,MT3,PT,869041,16169034,18.60560549,2.465755735,48.30364372,2.45428475,37.27024291,0.04997153909,0.9789320921,0.04973906563,0.7553268047,73217,NA,11856,585013,198955,NA,29426,29234,32647,86367,572688,5590736,2973846,34583,53589,47199,29098,441876,430222,310196,1948438,3448553,22722,32276,5256,666913,NA,NA,3892,NA,10020,122641,97803,NA,10271,28805,59241,NA,NA,21160,14272,45086,103830,NA
PT_MEXI5,MT1,PT,694201,16670375,24.01375826,1.81488164,37.65415704,1.643114896,32.10038972,0.06128332602,1.271472437,0.05548325779,1.08393771,141585,NA,13856,410340,128420,NA,21803,25147,25392,51210,521736,5384772,3550354,67553,27668,61782,22767,444783,355659,389690,1875834,3751640,7020,24705,4320,471549,NA,NA,22850,NA,65696,63754,41604,NA,1549,66810,42402,NA,NA,6645,21584,19871,28807,NA
LANMLR17B023,MT2,RIL,628138,15603543,24.84094737,0.6093993854,5.714124821,1.216819783,4.308609399,0.09455148208,0.8865761659,0.188795914,0.6685031429,94435,NA,62153,400586,70964,NA,192754,37876,6399,34912,355150,4944261,2875329,26890,154276,174803,75629,267793,387563,308386,2778773,2689090,26443,51680,119868,212777,NA,NA,80762,NA,48278,77854,85313,NA,21400,62728,91795,NA,NA,22842,42782,63065,136135,NA
LANMLR17B021,MT1,RIL,453925,11792692,25.97938426,2.169353008,29.48263337,1.877866061,53.33393871,0.03911343962,0.5315719461,0.03385792931,0.9616110349,114103,7523,4405,244315,83579,1371,9526,9556,18945,39920,129871,3743168,2318702,31186,24077,26410,8272,234936,156992,280368,1752464,2974325,7953,17156,7494,156624,3931,2026,4880,797,3997,13827,11883,905,2220,6002,8469,76446,140697,86950,4172,10438,25399,1449
PT_MEXI5,MT1,PT,397341,10639286,26.77620986,1.259813612,21.80217453,0.6461451567,17.07822649,0.04450852057,0.7702588099,0.02282795227,0.6033643293,106861,4650,7082,200456,78292,6570,20453,8922,7591,102609,154403,3244394,3046027,44416,17403,40897,4576,120948,42340,151717,1048657,2495447,2646,56690,22580,122964,18626,3831,14616,2266,16409,118536,182247,2428,5224,27733,35369,180885,443214,392688,3745,19212,39465,1672
LANMLR17B042,MT1,RIL,417357,12185637,29.19715495,1.662376987,16.76219314,1.32561912,33.68854764,0.08113457509,0.8181016874,0.06469864828,1.644215493,158182,21824,9247,189463,38641,16481,14128,15372,25962,46435,155000,3729836,1814197,28163,37514,65271,12258,311518,276531,289301,2208908,3112245,10329,6108,10080,118254,2773,380,1135,818,1682,6742,2040,751,953,5791,7631,15955,15695,8639,1402,1691,7309,720
LANMLR17B144,MT2,RIL,495660,16495961,33.28079934,1.483128209,8.383649849,0.8203602576,15.59434347,0.1421901495,0.8037554797,0.07864940261,1.495057551,105175,NA,24538,255946,110001,NA,17492,36393,22663,43648,205718,4403354,3246591,37559,83806,163745,20130,382654,386128,502740,2652362,4118100,22603,26331,34843,742623,5634,NA,11610,NA,25207,7165,3293,NA,19627,32776,10310,NA,NA,4626,26599,44427,NA,NA
LANMLR17B100,MT1,RIL,495185,16655454,33.63481123,2.10652921,37.51910861,1.563261481,38.15505571,0.09021258757,1.606764272,0.0669470248,1.633998849,196586,NA,9603,224237,64759,NA,28085,20229,27972,35626,360296,5242622,3016994,51232,59346,44802,15012,366403,415947,316139,2398272,4149065,14043,27340,7940,451922,1453,NA,6158,NA,103565,77613,8462,NA,6258,82427,16181,NA,NA,12115,63601,141655,NA,NA
LANMLR17B057,MT1,RIL,348482,11769157,33.77263962,2.24903059,43.73265834,1.883455407,44.74019819,0.04705203667,0.9149322613,0.03940382726,0.9360110329,78436,2272,4642,221882,41250,1583,10529,10440,23085,29595,203007,3990891,1767222,30806,27292,20606,8743,207684,255925,172464,2211022,2777157,2407,14152,4547,221148,4273,1132,4967,727,5275,12679,8826,1239,5125,9212,14963,114399,149835,59613,6753,15250,48543,1865
LANMLR17B062,MT2,RIL,375773,12989538,34.56751283,0.2328315668,7.251447404,0.9664202369,11.30480093,0.01091080604,0.3398127549,0.04528777564,0.5297584513,45062,5777,11227,239579,74128,18238,16582,2614,10528,24024,81412,NA,3646570,16609,44881,12720,10850,126919,206184,155944,3157682,5423959,10887,13228,NA,152150,22645,NA,3885,NA,6734,20421,NA,NA,NA,6898,16142,100626,187301,118151,6222,21297,47508,NA
LANMLR17B071,MT1,RIL,477856,16687889,34.92242224,4.270028011,62.45112045,3.096638655,64.37478992,0.1068071705,1.562103913,0.07745691875,1.61022109,79161,NA,7140,285449,106106,NA,17644,30488,27322,40942,445901,5245730,2654162,52287,51140,38742,22110,459636,565413,383828,2513089,4013392,18854,32501,5776,731535,NA,NA,4597,NA,6151,46953,37375,NA,17741,18384,32633,NA,NA,14824,10174,36199,90760,NA
LANMLR17B040,MT2,RIL,439233,17418705,39.65709544,1.250462557,32.45135846,2.049566657,39.07361963,0.06372040631,1.653639075,0.1044407283,1.99109274,184328,NA,10269,201521,43115,NA,25264,12841,25461,23665,333243,6020545,2686175,40646,61456,129102,21047,401247,510981,281231,3179279,3527621,17991,21502,3325,151107,2690,NA,1900,NA,12895,8352,3233,NA,9361,18187,5480,NA,NA,1105,19419,52992,NA,NA
LANMLR17B064,MT3,RIL,426630,17099818,40.08114291,2.573902288,56.88329358,4.155667462,66.57752452,0.1005619374,2.222420887,0.1623612415,2.601172889,72802,NA,11319,289712,52797,NA,32796,29134,29726,112509,643862,5313447,2521439,44739,97472,73003,47038,753591,552760,470437,2687501,3575810,21434,25940,8860,643135,NA,NA,939,NA,10126,6919,3468,NA,5628,9179,2863,NA,NA,945,10352,20934,NA,NA
LANMLR17B138,MT3,RIL,421567,17073472,40.50002016,3.589794897,42.28064032,2.970485243,74.30952976,0.1208070639,1.422866811,0.09996548851,2.500732317,105820,NA,7996,237602,70149,NA,48677,28704,60629,59569,338076,5658049,2670008,17022,103613,38853,23752,594179,481551,326238,3151402,3396310,24560,6091,7383,313299,NA,NA,9024,NA,11887,86349,53722,NA,24904,30669,37819,NA,NA,11921,12425,38020,65102,NA
PT_MEXI5,MT2,PT,420542,17159382,40.80301611,1.792006001,20.51553793,1.819545649,39.36530219,0.09117525189,1.04380752,0.09257643826,2.002862346,146427,NA,9332,183416,81367,NA,23733,16723,19035,33796,191451,4990837,4500380,47394,55910,62262,16980,367357,263348,499198,1985055,3952100,29977,23017,3006,434360,NA,NA,9004,NA,8404,18635,16095,NA,3349,14183,12442,NA,NA,21552,10507,11585,21147,NA
LANMLR17B042,MT2,RIL,295294,12078822,40.90439359,2.694910353,45.49421631,2.309716599,56.55841527,0.06197874406,1.046296173,0.0531198872,1.30075553,100186,4096,3458,150358,37196,9025,8385,9319,15732,14716,157319,3688948,2412686,38769,6497,10665,7987,195579,184458,241822,1750309,3283900,806,29583,12317,100496,7162,879,2070,1253,2162,15259,14537,1478,1467,7774,4150,56817,100733,60904,5847,8585,20467,1899
LANMLR17B041,MT3,RIL,390188,16520620,42.34015398,4.35866057,65.63676708,2.855836471,65.80123722,0.1558985656,2.347665682,0.1021462448,2.353548375,93760,NA,7436,207898,81094,NA,26530,32411,28665,25395,488075,5014475,2885467,52590,50818,42604,21236,489298,302413,322380,2377707,4219393,12601,36471,10326,176158,NA,NA,8447,NA,17014,180116,125778,NA,17935,56287,173087,NA,NA,20407,32192,134223,358258,NA
PT_MEXI5,MT1,PT,261467,11322912,43.3053196,3.865872605,46.58605213,2.558259969,37.1817711,0.1717487001,2.069673451,0.1136555363,1.651870485,69963,5322,5793,130394,49995,3879,16264,22395,26253,23532,269873,3551472,2924094,27063,19185,28904,14820,215394,169229,312652,1046418,2622689,7468,14787,6541,250603,5538,3873,4699,4263,7180,72560,87155,3687,5867,16584,23677,132949,317071,259939,1161,12440,30887,1369
LANMLR17B003,MT3,RIL,400460,17520412,43.75071668,4.066338517,62.06477235,3.624678376,64.21747399,0.1773407427,2.706762552,0.1580791054,2.800645958,93926,NA,8939,204967,92628,NA,49839,36349,46392,49383,554797,5319820,2980529,44260,93133,57453,32401,574040,716636,424977,2744123,3664009,22797,13455,6981,242037,NA,NA,1423,NA,4777,12166,10232,NA,3732,8571,11830,NA,NA,3049,6551,11045,23241,NA
LANMLR17B003,MT1,RIL,343877,16983952,49.38961315,6.11637044,75.53713751,3.621702526,78.38260056,0.1874928311,2.315535317,0.1110206235,2.402760891,104278,NA,5345,174364,59890,NA,21453,32692,37804,30196,403746,5671113,3323615,50482,55661,55705,19358,418955,366582,373665,2163899,3802392,14763,36212,1926,654728,2451,NA,5141,NA,42184,34993,8347,NA,7028,26343,14579,NA,NA,4872,25645,56689,NA,NA
PT_MEXI5,MT3,PT,330906,16448488,49.70743353,6.362850644,79.86459439,4.827141774,97.49006823,0.2428568948,3.048266961,0.1842420524,3.720994971,105696,NA,6595,172789,45826,NA,31633,41963,35252,89811,526707,6089589,2970014,48042,57941,44011,31835,642947,297153,344686,2166917,2877718,30160,28089,11262,879358,NA,NA,5153,NA,11768,169810,110292,NA,13467,43044,48378,NA,NA,19144,14374,43319,66311,NA
LANMLR17B071,MT3,RIL,335043,17119342,51.09595485,5.591509812,66.00400481,3.793952743,59.99058871,0.1344380841,1.586950975,0.09121896499,1.442368891,54042,NA,4994,207709,68298,NA,28476,27924,28107,34621,329624,5329299,2681025,38492,52050,34016,18947,299593,523030,252592,2924063,4397385,15873,29605,2235,394817,NA,NA,12622,NA,9666,36983,27295,NA,19353,16995,31140,NA,NA,12203,14189,35941,91262,NA
LANMLR17B064,MT1,RIL,314324,17541066,55.80568458,1.80255729,44.11100963,2.913982066,48.17876121,0.1402309839,3.431641432,0.2266949153,3.748094512,113104,NA,12044,154816,34360,NA,22127,21710,25155,56656,531273,5448327,2859685,42555,88263,82855,35096,580265,615937,426376,2902690,3690874,19346,19585,9538,167955,NA,NA,7713,NA,17910,29140,11342,NA,2487,24210,42074,NA,NA,3472,12908,18522,26468,NA
LANMLR17B071,MT2,RIL,286222,16821362,58.77033212,4.373624002,91.87653788,4.049428016,98.55881718,0.112511591,2.363526322,0.1041716408,2.53542813,67882,NA,4633,180097,33610,NA,18971,20263,36047,49432,425664,5689578,2360316,45757,43403,39434,18761,456623,360771,241769,3084835,3837424,10829,28080,3265,480875,783,NA,3463,NA,101972,60355,27237,NA,6222,90211,16219,NA,NA,8103,77089,210553,NA,NA
LANMLR17B003,MT2,RIL,185638,12095301,65.15530764,4.656787763,60.69694073,4.637189293,78.29636711,0.1175122434,1.531663892,0.1170176835,1.97577863,75037,4273,2092,82902,21334,5474,12825,9742,20432,35075,126978,4072880,2748925,29457,24468,38976,9701,163796,160451,214259,1906180,2486312,10423,14139,4808,137662,2910,1461,1070,539,2078,24996,20095,549,1489,9270,11351,62082,116690,71856,1799,9557,17309,1449
LANMLR17B057,MT2,RIL,264378,17243953,65.224614,5.497901364,82.75209864,3.992917104,119.3310598,0.1360679366,2.048037344,0.09882097828,2.953332554,64674,NA,3812,154026,41866,NA,15559,20958,32384,60588,315451,5958349,2458445,44268,67847,33989,15221,454890,445393,277874,3240143,3695186,16670,17975,6993,476942,1504,NA,3441,NA,27102,16005,12380,NA,7210,25687,9655,NA,NA,4170,28387,77432,NA,NA
LANMLR17B021,MT2,RIL,208747,14010005,67.11476093,4.354105572,51.80095308,3.515395894,90.49230205,0.1284427479,1.528088065,0.1037014609,2.669452945,70988,5412,2728,92477,37142,3370,17652,11878,26887,53246,141313,NA,2961170,42339,46750,30399,9590,246863,280790,413705,2271899,7406870,12302,20986,NA,355558,7359,NA,969,NA,2816,10229,NA,NA,NA,3275,7774,64615,132214,14194,2539,9232,23466,NA
PT_MEXI5,MT1,PT,251716,17222662,68.42100621,3.974714286,92.842,3.509428571,56.05871429,0.2019158895,4.716383033,0.178279328,2.847788381,66879,NA,7000,137795,40042,NA,19771,27823,30092,46628,649894,5460871,3179162,37666,29038,40777,24566,392411,493639,248292,2480896,3970991,6538,18967,5804,566327,NA,NA,4982,NA,8180,54225,38319,NA,4754,15542,27872,NA,NA,9964,9253,17787,30821,NA
PT_MEXI5,MT2,PT,241683,16917267,69.99775326,12.01765893,161.0721493,6.953077699,169.2386478,0.254275466,3.408042787,0.1471165959,3.580833529,71016,NA,1982,93674,75011,NA,21642,23819,23260,35947,319245,5023454,4638202,43590,49818,75634,13781,335431,222210,494459,1318133,4162796,19566,20679,1221,624329,NA,NA,6880,NA,10668,113875,195892,NA,5407,22882,27040,NA,NA,23810,10978,13788,30566,NA
LANMLR17B041,MT2,RIL,233575,17051888,73.00390881,8.677030287,96.42187081,5.956043956,160.4982578,0.2367732027,2.631097784,0.1625246837,4.379572881,53203,NA,3731,136730,39911,NA,28392,32374,30999,69904,359750,4951520,2660937,40817,109245,78562,22222,598819,523462,496687,2710008,4211218,21081,21529,1417,436896,NA,NA,4044,NA,22791,60432,48921,NA,5984,50759,61439,NA,NA,11216,34521,67624,113022,NA
LANMLR17B147,MT3,RIL,228166,16847829,73.84022598,4.324435318,95.95934292,5.587679671,92.23285421,0.1442505274,3.200923313,0.1863886682,3.076618537,46019,NA,4870,145996,31281,NA,44087,21060,35463,147991,467322,5177638,2019534,30468,87986,32175,27212,449174,701647,255026,3377176,3879813,18544,18760,14352,756242,NA,NA,5258,NA,4021,21272,14142,NA,18864,19380,31545,NA,NA,11320,20420,38887,137556,NA
LANMLR17B084,MT2,RIL,185706,17178422,92.50332246,10.58163265,79.83202512,6.717948718,72.6596023,0.4530159619,3.417731728,0.2876057127,3.11066928,68162,NA,3822,89275,24447,NA,56066,40443,38949,36083,305118,6103983,3287518,53784,50113,31872,25676,277705,361120,265683,2558056,3494597,15393,26593,3118,382954,NA,NA,45402,NA,7563,27943,18072,NA,7549,13361,27551,NA,NA,15478,11216,28514,73983,NA
LANMLR17B052,MT2,RIL,168141,17285890,102.8059188,11.50564862,183.7865212,7.428515777,124.2103623,0.3564575111,5.693906369,0.2301435002,3.848172152,38599,NA,2567,82857,44118,NA,8802,29535,31694,36091,471780,5006144,3690356,39183,29889,45403,19069,318848,486830,349488,2171332,4473365,11759,10526,4155,563512,454,NA,667,NA,55584,61649,10384,NA,4170,19207,13285,NA,NA,3678,12364,29589,NA,NA
PT_MEXI5,MT2,PT,157551,16673852,105.8314578,13.16027689,197.9787007,12.14589989,190.7380192,0.4181612074,6.290674066,0.3859298863,6.060605035,56557,NA,1878,59104,40012,NA,23248,24715,17488,30842,371804,5031346,4153675,30771,39429,44555,22810,358206,309400,471581,1626565,3992889,26971,23921,781,460702,NA,NA,5635,NA,22182,230784,346941,NA,6743,46592,78722,NA,NA,45636,8739,37950,99865,NA
LANMLR17B100,MT3,RIL,156826,16597484,105.8337521,7.675569044,116.7022762,5.761456753,118.9599393,0.3060086148,4.652671571,0.2296970284,4.742679799,42179,NA,3295,82648,28704,NA,70124,25291,25486,112609,384534,5553424,2521637,37350,67368,33972,18984,391973,458196,271020,2870868,3642286,15557,23800,12742,504898,NA,NA,2130,NA,109566,67049,20228,NA,8454,126947,20673,NA,NA,9967,108859,343375,NA,NA
LANMLR17B084,MT1,RIL,162826,17344051,106.5189282,12.98945518,162.6313708,7.520210896,210.5650264,0.3629221345,4.543879893,0.2101128147,5.883134261,56505,NA,2276,81461,22584,NA,15915,29564,40215,53646,370149,5814343,3137345,50764,71887,45838,17116,479246,395773,394267,2468690,3788925,16970,26726,7730,480137,NA,NA,3120,NA,38842,27023,6708,NA,7033,30664,11692,NA,NA,3994,28613,74585,NA,NA
LANMLR17B084,MT3,RIL,144460,16842183,116.5871729,6.600047192,106.3489854,4.863378952,85.5899009,0.3650232291,5.881753406,0.2689747873,4.733648275,41283,NA,4238,76628,22311,NA,35333,27971,35095,114588,450707,5784904,2408639,37362,62620,26856,20611,362730,562736,234696,3124113,3438590,19366,20989,11933,915035,NA,NA,1481,NA,25144,7508,18910,NA,6379,31881,10877,NA,NA,3407,28987,109890,NA,NA
LANMLR17B021,MT3,RIL,139744,16767386,119.9864466,11.06944444,157.6352124,10.46691176,175.745915,0.326998033,4.656638791,0.309198856,5.191639817,34394,NA,2448,82869,20033,NA,21055,27098,39645,74519,385891,5251183,2625887,38937,79432,39809,25623,430226,516215,329017,2684600,4052678,18108,28273,9366,860005,NA,NA,34385,NA,10039,34108,23606,NA,19517,20429,38219,NA,NA,7969,16166,42356,134148,NA
LANMLR17B057,MT3,RIL,140905,17051623,121.0150314,18.1993517,307.1353323,18.36790924,515.9732577,0.2716288296,4.584053992,0.2741445833,7.701000254,34226,NA,1234,82679,22766,NA,18576,22458,39655,56361,379005,5533381,2255548,47471,41921,39882,22666,636711,395800,335703,3108374,4009520,9022,27371,8265,761161,NA,NA,4749,NA,8924,29267,16129,NA,14748,18076,38175,NA,NA,7696,12102,34585,100286,NA
LANMLR17B122,MT1,RIL,74637,12366319,165.6861744,1.332994924,31.74416244,2.58071066,43.31116751,0.07878078781,1.876098761,0.1525215252,2.559715597,26039,3063,1970,33333,10232,2730,19912,2626,6035,78778,62536,3162984,3114181,22683,24168,4312,5084,85323,123869,155417,2468560,3014815,3513,5065,3728,163847,14493,1203,2425,1333,3719,4104,3425,1307,1506,3046,3409,16717,30626,29993,2873,1728,4860,1120
LANMLR17B042,MT3,RIL,94803,17497137,184.5631151,10.10030166,87.64504776,12.09703369,71.8222725,0.8997447152,7.80750627,1.07761555,6.397998029,34228,NA,3978,44656,11941,NA,99575,40179,24328,40459,348652,5716241,2693905,28885,56621,29315,48122,285709,565160,239930,3519550,3603999,13636,25479,8553,340395,NA,NA,13710,NA,10056,22773,11556,NA,4626,15251,28610,NA,NA,5121,9271,19923,51966,NA